Index,Name,PUBCHEM_COMPOUND_CID,ACTIVITY,ALogP98,ES_Sum_dO,ES_Sum_dssC,ES_Sum_sOH,ES_Sum_ssCH2,ES_Sum_ssO,ES_Sum_sssCH,ES_Count_dssC,ES_Count_sCH3,Molecular_Solubility,Num_DoubleBonds,Num_H_Acceptors,Molecular_FractionalPolarSurfaceArea,CIC,IAC_Mean,IC,JX,Wiener,SC_3_P
1,7765,7765,Non-Bitter,0.78,0,0,0,1.45,10.12,-0.04,0,3,-0.88,0,2,0.13,0.75,1.24,2.25,2.7,75,6
2,177,177,Non-Bitter,-0.18,8.81,0,0,0,0,0,0,1,0.17,1,1,0.29,0,1.38,1.58,2.05,4,0
3,62876,62876,Non-Bitter,3.31,0,0,0,4.73,11.07,-0.09,0,2,-4.08,3,2,0.08,0.84,1.21,3.16,1.99,567,19
4,83036,83036,Non-Bitter,3.24,0,0,0,3.83,11.02,1.36,0,5,-3.23,0,2,0.08,1.69,1.14,2.12,3.09,397,12
5,108504,108504,Non-Bitter,2.23,0,0,0,3.54,10.56,-0.07,0,3,-2.74,1,2,0.09,0.73,1.2,2.86,2.98,265,10
6,61403,61403,Non-Bitter,2.86,0,0,0,3.47,10.93,-0.09,0,2,-3.59,3,2,0.08,0.72,1.23,3.19,2.03,462,18
7,176,176,Non-Bitter,-1.68,9,-0.83,7.42,0,0,0,1,1,0.12,1,2,0.53,0.5,1.56,1.5,2.57,9,0
8,7918,7918,Non-Bitter,-0.2,19.62,-1.13,0,0,3.97,0,2,2,-0.59,2,3,0.38,0.86,1.53,1.95,3.03,48,4
9,179,179,Non-Bitter,-0.29,9.89,-0.19,8.28,0,0,-0.79,1,2,-0.28,1,2,0.35,0.33,1.38,2.25,3.1,29,4
10,180,180,Non-Bitter,-0.1,9.44,0.17,0,0,0,0,1,2,-0.12,1,1,0.22,0.5,1.3,1.5,2.68,9,0
11,15908632,15908632,Non-Bitter,-0.7,0,0,15.62,0,7.23,0,0,2,0.15,0,4,0.51,0.86,1.46,1.95,3,44,6
12,19137,19137,Non-Bitter,1.82,21.41,-0.15,0,1.28,4.89,0,2,2,-3.08,5,3,0.2,1.2,1.37,2.71,2.49,434,19
13,61585,61585,Non-Bitter,4.49,11.9,0.2,0,2.19,0,0,1,6,-5.95,4,1,0.06,1.19,1.12,2.97,2.7,532,38
14,61527,61527,Non-Bitter,0.96,10.82,0.06,0,0,0,0,1,3,-2.14,3,1,0.19,0.68,1.36,2.65,3.04,113,16
15,520191,520191,Non-Bitter,1.43,10.89,0.17,0,0,0,0,1,3,-2.91,3,1,0.28,0.68,1.46,2.65,3.05,113,16
16,61918,61918,Non-Bitter,0.65,10.92,-0.02,0,0.75,0,0,1,2,-1.78,4,3,0.26,0.36,1.57,3.1,3.01,150,17
17,32093,32093,Non-Bitter,-0.02,10.76,-0.04,0,0,0,0,1,2,-1.41,4,3,0.28,0.6,1.63,2.72,3.03,114,15
18,14505,14505,Non-Bitter,0.97,10.41,-0.03,0,0,0,0,1,1,-1.26,3,1,0.26,0.5,1.45,2.5,2.79,62,11
19,14514,14514,Non-Bitter,1.11,10.56,-0.03,0,0,0,0,1,2,-1.71,3,1,0.22,0.44,1.4,2.73,2.85,87,13
20,5362572,5362572,Non-Bitter,0.18,10.71,-0.02,0,0,0,0,1,2,-1.41,4,3,0.29,0.4,1.63,2.92,2.95,117,14
21,14286,14286,Non-Bitter,0.85,10.58,0.01,0,0,0,0,1,1,-1.42,4,2,0.23,0.75,1.54,2.42,2.9,88,12
22,9589,9589,Non-Bitter,0.42,10.61,0.06,0,0,0,0,1,1,-1.41,4,2,0.23,0.75,1.54,2.42,2.9,88,12
23,520108,520108,Non-Bitter,0.34,10.45,0.04,0,0,0,0,1,1,-1.35,3,2,0.46,0.5,1.91,2.5,2.76,62,11
24,444212,444212,Non-Bitter,-4.76,30.14,-5.06,24.54,-0.8,0,0,4,0,-1.32,4,6,0.65,0.79,1.52,2.79,4.29,211,12
25,196,196,Non-Bitter,-2.4,19.79,-1.74,16.26,1.02,0,0,2,0,-0.78,2,4,0.49,1,1.53,2.32,2.91,151,7
26,71571511,71571511,Non-Bitter,-2.37,0,0,39.74,-0.17,27.45,-8.28,0,2,0.14,0,9,0.41,1.44,1.47,3.09,1.6,1130,53
27,239,239,Non-Bitter,-3.4,9.56,-0.77,7.87,0.66,0,0,1,0,0.4,1,2,0.62,0,1.67,2.58,2.66,32,3
28,24116,24116,Non-Bitter,1.56,11.27,-0.42,0,0.2,4.82,0,1,0,-2.21,5,3,0.28,0.31,1.53,3.39,2.67,262,19
29,16324,16324,Non-Bitter,1.76,10.53,-0.14,0,1.68,4.67,0,1,1,-1.45,2,2,0.18,0.22,1.31,2.95,2.99,108,7
30,15834,15834,Non-Bitter,2.77,11.02,-0.35,0,0.25,4.77,0,1,0,-3.41,6,2,0.13,0.63,1.31,3.18,2.41,367,17
31,22034852,22034852,Non-Bitter,3.01,11.2,-0.06,0,7.24,4.94,0.57,1,0,-2.99,2,2,0.14,0.73,1.24,2.97,2.07,286,16
32,61405,61405,Non-Bitter,3.92,11.17,-0.08,0,9.99,4.92,0.87,1,0,-4.04,2,2,0.12,1.2,1.2,2.71,1.94,462,18
33,61406,61406,Non-Bitter,4.83,11.2,-0.08,0,12.86,4.93,0.97,1,0,-5.12,2,2,0.1,1.5,1.17,2.59,1.85,698,20
34,17617,17617,Non-Bitter,3.47,11.17,-0.07,0,8.59,4.93,0.76,1,0,-3.51,2,2,0.13,1.05,1.22,2.75,2,367,17
35,61407,61407,Non-Bitter,4.38,11.18,-0.08,0,11.42,4.93,0.93,1,0,-4.58,2,2,0.11,1.35,1.19,2.65,1.89,572,19
36,226486,226486,Non-Bitter,2.56,0,0,9.61,0.72,10.02,0,0,2,-2.41,4,3,0.19,0.57,1.37,3.24,3.04,301,23
37,16590,16590,Non-Bitter,2.62,0,0,0,2.05,0,0,0,0,-2.6,2,2,0.32,1,1.35,2,2.53,84,5
38,61408,61408,Non-Bitter,2.68,11.09,-0.1,0,2.04,4.88,0.06,1,2,-2.18,2,2,0.14,0.36,1.25,3.1,3.53,176,12
39,61337,61337,Non-Bitter,1.7,10.9,-0.46,0,0.21,4.68,0,1,0,-1.84,4,2,0.25,0.36,1.47,3.1,2.34,171,15
40,8878,8878,Non-Bitter,3.13,10.9,-0.11,0,5.36,4.81,0,1,1,-2.89,2,2,0.13,0.56,1.23,3.02,3.02,262,10
41,31266,31266,Non-Bitter,2.67,10.81,-0.11,0,4.05,4.78,0,1,1,-2.39,2,2,0.15,0.36,1.25,3.1,3.02,200,9
42,6612,6612,Non-Bitter,4.35,11.61,1.6,0,3.7,0,0.41,2,3,-5.11,4,1,0.06,0.51,1.11,3.57,2.66,566,26
43,17816,17816,Non-Bitter,2.01,10.74,-0.14,0,0.82,4.74,0.37,1,2,-1.72,2,2,0.16,0.2,1.28,3.12,3.18,142,8
44,13367,13367,Non-Bitter,1.23,0,0,0,0.78,0,0,0,0,0.32,1,1,0.43,0,1.3,2,2.23,10,1
45,62434,62434,Non-Bitter,2,0,0,0,1.06,0,0,0,1,-1.7,1,2,0.39,0,1.38,2.58,2.29,35,3
46,61926,61926,Non-Bitter,2.59,0,0,0,1.05,0,0,0,1,-2.15,1,3,0.49,0.29,1.46,2.52,2.3,56,4
47,61410,61410,Non-Bitter,4.04,11.02,-0.1,0,8.1,4.86,0,1,1,-3.94,2,2,0.11,0.97,1.19,2.84,3.01,423,12
48,20219,20219,Non-Bitter,3.59,10.96,-0.1,0,6.71,4.84,0,1,1,-3.41,2,2,0.12,0.77,1.21,2.93,3.01,336,11
49,24117,24117,Non-Bitter,2.14,10.98,-0.4,0,0.15,9.89,0,1,0,-2.41,5,3,0.18,0.82,1.4,2.99,2.16,367,17
50,15717,15717,Non-Bitter,2.34,11.1,-0.22,0,0.61,4.84,0,1,0,-2.75,5,2,0.14,0.52,1.32,3.18,2.34,286,16
51,61319,61319,Non-Bitter,1.3,10.3,-0.18,0,0.76,4.58,0,1,1,-1.05,2,2,0.2,0,1.35,3,2.92,76,6
52,6435833,6435833,Non-Bitter,2.21,10.69,-0.35,0,0.26,4.66,0,1,1,-2.53,4,2,0.15,0.18,1.33,3.28,3.44,200,9
53,11617,11617,Non-Bitter,2.03,0,0,0,2.07,0,0,0,0,-2.14,2,1,0.19,0.86,1.22,1.95,2.57,56,4
54,16220107,16220107,Non-Bitter,2.2,0,0.66,0,1.34,4.95,0,1,1,-2.73,2,2,0.28,0,1.46,3,2.93,76,6
55,5364729,5364729,Non-Bitter,2.18,10.79,0.35,0,0.28,4.72,0,2,2,-1.79,3,2,0.16,0,1.32,3.32,3.56,137,10
56,61412,61412,Non-Bitter,4.56,11.09,-0.11,0,9.04,4.88,0,1,0,-4.8,3,2,0.1,1.47,1.19,2.53,3.03,640,14
57,14220,14220,Non-Bitter,-3.32,10.09,-0.81,8.3,1.57,0,-0.43,1,2,-0.75,1,2,0.41,0.68,1.63,2.65,3.19,136,9
58,4,4,Non-Bitter,-1.82,0,0,8.3,0.61,0,-0.23,0,1,0.54,0,1,0.48,0.4,1.38,1.92,2.43,18,2
59,10103158,10103158,Non-Bitter,-0.3,9.81,-0.71,8.08,0.28,0,0.28,1,2,-0.75,1,2,0.32,0.29,1.37,2.52,3.01,48,4
60,6276,6276,Non-Bitter,1.43,0,0,8.2,3.68,0,0,0,1,-0.93,0,1,0.18,1,1.13,1.58,2.29,35,3
61,10890,10890,Non-Bitter,2.93,10.78,-0.05,0,5.38,4.95,0,1,2,-2.44,1,2,0.14,0.98,1.22,2.48,2.91,202,9
62,1623625,1623625,Non-Bitter,4.22,10.84,0.9,0,4.39,0,0,1,1,-4.56,5,1,0.08,0.58,1.15,3.32,2.56,428,19
63,6005821,6005821,Non-Bitter,4.44,0,1.21,0,4.67,10.75,-0.24,1,3,-4.92,4,2,0.07,0.86,1.2,3.31,2.71,662,25
64,5368491,5368491,Non-Bitter,3.96,0,1.13,9.22,4.84,0,0,1,1,-4.24,4,1,0.09,0.72,1.14,3.19,2.52,428,19
65,6435834,6435834,Non-Bitter,4.26,10.24,1.18,0,4.97,4.85,0,1,1,-4.71,5,2,0.11,0.63,1.24,3.45,2.55,602,21
66,61414,61414,Non-Bitter,5.72,11.69,1.1,0,5.48,5.41,0.35,2,3,-5.99,5,2,0.08,0.74,1.18,3.65,2.55,1084,26
67,12529,12529,Non-Bitter,1.73,9.55,0,0,3.89,4.46,0,0,1,-1.43,1,2,0.19,0.59,1.3,2.41,2.48,84,5
68,61415,61415,Non-Bitter,4.3,11.15,-0.02,0,9.14,5.09,0,1,2,-3.9,1,2,0.11,1.54,1.17,2.27,3.01,419,12
69,10886,10886,Non-Bitter,3.84,11.06,-0.02,0,7.81,5.05,0,1,2,-3.39,1,2,0.12,1.35,1.18,2.35,2.99,334,11
70,53435896,53435896,Non-Bitter,1.85,10.59,-0.24,0,5.21,10.12,0.15,1,1,-1.79,1,3,0.2,0.73,1.33,2.86,1.94,232,15
71,522459,522459,Non-Bitter,3.17,0,0,0,5.46,0,0,0,2,-3,0,2,0.3,1.5,1.24,1.5,2.39,84,5
72,61185,61185,Non-Bitter,4.75,11.22,-0.01,0,10.5,5.11,0,1,2,-4.42,1,2,0.11,1.71,1.15,2.2,3.02,518,13
73,637563,637563,Non-Bitter,2.77,0,0,0,0,5.02,0,0,2,-2.93,4,1,0.06,0.73,1.21,2.73,2.77,170,15
74,11559,11559,Non-Bitter,0.4,10.18,0.59,0,0.45,4.58,0,2,1,-0.33,2,2,0.26,0,1.46,2.81,2.45,41,9
75,7519,7519,Non-Bitter,1.81,0,0,0,0,4.91,0,0,1,-1.45,3,1,0.08,0.84,1.27,2.16,2.76,64,10
76,7695,7695,Non-Bitter,1.59,10.49,-0.27,0,0.32,9.81,0,1,2,-2.25,4,3,0.19,0.92,1.4,2.78,2.44,284,17
77,7738,7738,Non-Bitter,1.21,0,0,8.66,0.09,4.93,0,0,1,-1.41,3,2,0.2,1.4,1.36,1.92,2.72,125,14
78,61054,61054,Non-Bitter,1.51,9.85,0,0,0.31,9.53,0,0,1,-1.92,4,3,0.21,0.83,1.44,2.75,2.47,226,16
79,7599,7599,Non-Bitter,3.29,11.66,-0.22,0,0.59,10.29,0,1,1,-4.21,7,3,0.14,1.42,1.34,2.83,1.77,854,29
80,61417,61417,Non-Bitter,2.26,10.86,-0.18,0,0.74,9.98,0,1,2,-2.52,4,3,0.17,1.14,1.37,2.66,2.38,355,19
81,5460291,5460291,Non-Bitter,-2.28,9.76,0,34.06,-0.69,0,-4.72,0,0,0.26,1,5,0.62,0.68,1.5,2.65,3.56,125,12
82,54670067,54670067,Non-Bitter,-2.41,10.53,-2.78,35.05,-0.67,4.32,-2.78,3,0,-0.09,2,6,0.65,0.17,1.58,3.42,2.61,188,22
83,5960,5960,Non-Bitter,-5.25,19.72,-2.33,16.13,-0.42,0,-1.04,2,0,-0.09,2,4,0.72,0.44,1.81,2.73,3.4,96,8
84,460,460,Non-Bitter,1.57,0,0,8.99,0,4.79,0,0,1,-1.04,3,2,0.23,0.44,1.4,2.73,2.9,86,13
85,62375,62375,Non-Bitter,1.7,0,0,0,0,10.13,-0.24,0,2,-1.93,3,2,0.11,0.98,1.33,2.48,2.63,158,16
86,5463840,5463840,Non-Bitter,0.64,0,-0.23,26.77,-0.48,0,-1.2,1,0,-1.7,4,3,0.33,0.52,1.4,3.18,2.7,268,18
87,595928,595928,Non-Bitter,1.9,0,0,0,0.69,10.95,0.07,0,1,-1.84,3,2,0.11,0.73,1.33,2.86,2.03,197,21
88,7969,7969,Non-Bitter,1.68,0,0,0,0,0,0,0,0,-0.9,3,1,0.21,0.96,1.33,1.84,2.98,42,8
89,3102,3102,Non-Bitter,3.23,11.85,0.08,0,0,0,0,1,0,-3.58,7,1,0.1,1.82,1.2,1.99,2.33,307,24
90,7222,7222,Non-Bitter,2.26,0,0,0,0,0,0,0,0,-2.62,4,1,0.33,1.64,1.57,1.53,2.86,79,17
91,142266,142266,Non-Bitter,2,20.33,-0.73,0,0.23,4.66,0,2,1,-2.39,5,3,0.31,0.77,1.41,3.04,2.26,356,17
92,244,244,Non-Bitter,1.23,0,0,8.54,0.14,0,0,0,0,-1.24,3,1,0.18,0.84,1.27,2.16,2.8,64,10
93,2345,2345,Non-Bitter,3.27,11.6,-0.29,0,0.31,5.18,0,1,0,-3.73,7,2,0.13,1.59,1.3,2.41,1.9,496,25
94,61134,61134,Non-Bitter,2.96,0,0,0,3.99,5.46,0,0,1,-3.26,3,1,0.05,0.96,1.16,2.63,2.11,242,14
95,7650,7650,Non-Bitter,2.73,10.99,-0.12,0,1.74,5.03,0,1,1,-2.76,4,2,0.14,0.89,1.3,2.82,2.24,290,16
96,5273469,5273469,Non-Bitter,3.74,11.48,-0.33,0,0.3,5.12,0,1,0,-4.72,8,2,0.11,1.53,1.27,2.64,1.8,745,26
97,61402,61402,Non-Bitter,3.6,11.48,1.44,0,0.34,5.15,0,3,3,-3.22,5,2,0.12,0.9,1.27,3.01,2.45,416,21
98,9012,9012,Non-Bitter,4.55,0,0,0,2.16,0,0,0,0,-5.61,6,2,0.21,1.84,1.29,2.16,1.65,544,23
99,10873,10873,Non-Bitter,1.98,0,0,0,1.52,5.22,0,0,1,-2.27,3,1,0.06,0.68,1.21,2.65,2.37,133,12
100,7708,7708,Non-Bitter,1.53,9.76,0,0,0.37,4.54,0,0,0,-1.75,4,2,0.19,0.68,1.39,2.65,2.42,133,12
101,5463905,5463905,Non-Bitter,4.09,11.78,0.42,0,3.54,0,0.22,1,2,-4.22,4,1,0.08,0.58,1.14,3.32,2.55,398,21
102,23367,23367,Non-Bitter,3.64,11.27,-0.09,0,4.1,5.14,0,1,1,-3.7,4,2,0.12,0.9,1.25,3.01,2.11,458,18
103,7646,7646,Non-Bitter,2.73,11.09,-0.15,0,0.37,5.05,-0.05,1,2,-2.74,4,2,0.14,0.83,1.3,2.87,2.32,280,17
104,7651,7651,Non-Bitter,2.98,11.2,-0.12,0,0.87,5.1,0.36,1,2,-3.04,4,2,0.13,0.77,1.27,3.04,2.24,356,17
105,7509,7509,Non-Bitter,2.2,0,0,0,0.83,0,0,0,0,-1.09,3,1,0.3,0.84,1.27,2.16,2.81,64,10
106,22235151,22235151,Non-Bitter,1.53,0,0,0,1.74,15.73,-0.2,0,2,-2.69,3,3,0.12,0.72,1.32,3.19,2.03,458,18
107,13016,13016,Non-Bitter,2.38,0,0,0,1.13,0,0,0,1,-2.74,3,1,0.17,0.75,1.24,2.42,2.57,94,11
108,60999,60999,Non-Bitter,3.3,11.56,-0.2,0,0.67,5.19,0,1,0,-4.06,7,2,0.12,1.62,1.28,2.47,1.78,612,25
109,31219,31219,Non-Bitter,2.27,10.76,-0.15,0,0.82,4.94,0,1,1,-2.36,4,2,0.15,0.73,1.33,2.86,2.31,226,15
110,8363,8363,Non-Bitter,3.03,11.66,-0.52,9.48,0.2,5.1,0,1,0,-3.25,7,3,0.21,1.27,1.37,2.82,1.95,572,28
111,5281163,5281163,Non-Bitter,1.92,10.68,0.44,0,0.45,4.69,0,2,3,-1.38,2,2,0.17,0,1.31,3.17,3.56,98,9
112,7095,7095,Non-Bitter,3.35,0,0,0,0,0,0,0,0,-3.68,6,0,0,2.13,0.99,1.46,2.46,198,20
113,64685,64685,Non-Bitter,1.98,0,0,9.81,3.61,0,0.75,0,3,-2.36,0,1,0.12,0.43,1.12,3.03,2.38,123,31
114,6448,6448,Non-Bitter,2.35,11.01,-0.13,0,3.59,5.44,0.91,1,4,-3.12,1,2,0.12,0.71,1.22,3.09,2.18,269,35
115,518472,518472,Non-Bitter,2.28,10.37,0,0,3.59,5.19,0.92,0,3,-2.81,1,2,0.14,0.67,1.24,3.03,2.22,215,34
116,6432702,6432702,Non-Bitter,3.73,11.82,-0.01,0,4.15,5.76,1.29,1,5,-4.09,1,2,0.1,0.63,1.17,3.45,1.99,505,39
117,61829,61829,Non-Bitter,1.95,0,0,0,2.01,0,0.49,0,1,0.67,0,2,0.55,0.67,1.3,1.92,2.65,31,4
118,520119,520119,Non-Bitter,1.49,0,0,0,2.05,0,0.52,0,1,0.66,0,2,0.55,0.33,1.3,2.25,2.53,32,3
119,548353,548353,Non-Bitter,1.8,0,0,0,0,0,0.82,0,2,0.85,0,2,0.54,1.67,1.3,0.92,2.88,29,4
120,8012,8012,Non-Bitter,1.94,0,0,0,3.56,0,0,0,1,-0.29,0,1,0.35,0.8,1.16,1.52,2.14,20,2
121,6569,6569,Non-Bitter,0.56,9.81,0.25,0,0.67,0,0,1,2,-0.47,1,1,0.18,0,1.24,2.32,2.75,18,2
122,31272,31272,Non-Bitter,1.35,10.1,-0.18,0,2.62,4.64,0,1,2,-1.25,1,2,0.19,0.25,1.3,2.75,2.66,79,5
123,11576,11576,Non-Bitter,1.75,19.85,-0.64,0,2.29,4.51,0,2,2,-1.54,2,3,0.34,0.36,1.38,3.1,3.12,192,9
124,263,263,Non-Bitter,0.97,0,0,8.07,2.38,0,0,0,1,-0.42,0,1,0.21,0.8,1.16,1.52,2.13,20,2
125,8007,8007,Non-Bitter,-0.32,0,0,0,3.65,0,0,0,1,-0.49,0,0,0.27,0.8,1.09,1.52,2.16,20,2
126,24433,24433,Non-Bitter,2.27,11.44,-0.34,0,2.36,5.03,0,1,1,-2.65,4,3,0.25,0.43,1.46,3.38,2.48,336,20
127,8456,8456,Non-Bitter,2.97,0,0,9.61,0,5.09,0,0,4,-2.82,3,2,0.14,0.77,1.27,2.93,3.12,234,21
128,53424302,53424302,Non-Bitter,2.73,10.17,0.93,0,3.22,0,0,1,2,-2.25,2,1,0.11,0,1.16,3.17,3.4,104,8
129,7983,7983,Non-Bitter,2.47,10.7,-0.06,0,4.1,4.88,0,1,2,-1.94,1,2,0.15,0.8,1.24,2.52,2.91,150,8
130,24114,24114,Non-Bitter,2.66,22.32,-0.82,0,3.26,9.78,-0.79,2,3,-2.6,2,4,0.22,0.67,1.34,3.24,3.51,448,16
131,5385520,5385520,Non-Bitter,3.76,10.75,0.89,0,3.09,0,0,1,1,-4.05,5,1,0.08,0.48,1.17,3.32,2.66,343,18
132,10861,10861,Non-Bitter,3.48,11.18,-0.27,0,2.47,4.98,0,1,1,-3.87,5,2,0.12,0.72,1.27,3.19,2.28,458,18
133,61771,61771,Non-Bitter,2.94,11.39,0.52,0,5.53,0,1.01,1,2,-2.57,1,1,0.1,0.18,1.12,3.28,2.44,152,17
134,5463906,5463906,Non-Bitter,5.19,11.14,-0.19,0,9.92,5,0,1,2,-5.07,2,2,0.1,1.22,1.17,2.78,3.19,635,14
135,5362564,5362564,Non-Bitter,2.42,0,0.82,0,1.11,0,0.98,1,4,-1.5,1,1,0.21,0.18,1.29,3.28,2.44,154,18
136,522111,522111,Non-Bitter,3.06,0,0,0,5.28,0,0,0,2,-2.98,0,2,0.3,1.5,1.24,1.5,2.37,84,5
137,17586,17586,Non-Bitter,1.65,0,0,0,1.96,5.19,0.45,0,3,-1.23,0,1,0.07,0.29,1.12,2.52,2.7,50,5
138,5140436,5140436,Non-Bitter,2.22,20.42,-1.12,0,2.47,8.89,0,2,2,-1.74,2,4,0.34,0.92,1.41,2.78,3.22,310,12
139,11614,11614,Non-Bitter,1.27,9.46,0,0,2.62,4.39,0,0,1,-0.93,1,2,0.22,0.29,1.33,2.52,2.4,56,4
140,21596,21596,Non-Bitter,3.84,11.06,-0.02,0,7.85,5.02,0,1,2,-3.4,1,2,0.12,1.35,1.18,2.35,2.99,334,11
141,12294,12294,Non-Bitter,3.39,10.97,-0.03,0,6.52,4.99,0,1,2,-2.89,1,2,0.13,1.17,1.2,2.42,2.98,261,10
142,7184,7184,Non-Bitter,2.77,11.33,-0.34,9,2.34,4.99,0,1,1,-2.46,4,3,0.23,0.71,1.37,3.09,2.39,350,19
143,642376,642376,Non-Bitter,3,11.38,0.48,0,2,5.16,0,2,1,-3.05,5,2,0.14,0.43,1.31,3.38,2.33,300,27
144,7353,7353,Non-Bitter,2.48,10.8,-0.09,0,2.62,4.9,0.01,1,3,-1.89,1,2,0.15,0.4,1.24,2.92,3.07,143,9
145,7981,7981,Non-Bitter,2.72,10.91,-0.06,0,3.19,4.95,0.41,1,3,-2.21,1,2,0.14,0.36,1.22,3.1,3.09,192,9
146,24847851,24847851,Non-Bitter,1.39,10.54,-0.24,0,3.88,10.04,0.15,1,1,-1.29,1,3,0.21,0.61,1.36,2.85,2,174,14
147,8738,8738,Non-Bitter,1.16,10.55,-0.53,8.65,2.27,4.65,-0.99,1,2,-1.31,1,3,0.28,0.4,1.35,2.92,3.03,143,9
148,61015,61015,Non-Bitter,6.12,11.3,-0.01,0,14.9,5.12,0,1,2,-6.08,1,2,0.09,2.18,1.12,1.99,3.01,914,16
149,31210,31210,Non-Bitter,3.05,11.27,-0.14,0,2.92,5.05,0,1,1,-3.23,4,2,0.13,0.63,1.27,3.18,2.21,364,17
150,61361,61361,Non-Bitter,3.25,11.42,-0.17,0,3.18,5.29,0,1,1,-3.12,4,2,0.14,0.29,1.3,3.52,2.15,300,27
151,11529,11529,Non-Bitter,2.02,10.46,-0.09,0,3.13,4.79,0,1,2,-1.54,1,2,0.17,0.44,1.26,2.73,2.82,110,7
152,16330,16330,Non-Bitter,2.77,11.36,-0.46,9.34,2.23,4.95,0,1,1,-2.4,4,3,0.23,0.43,1.37,3.38,2.47,336,20
153,31278,31278,Non-Bitter,8.86,11.43,0,0,23.68,5.16,0,1,2,-9.39,1,2,0.07,2.92,1.08,1.67,3.01,2215,22
154,11002,11002,Non-Bitter,3.45,0,0,0,8.23,0,0,0,2,-3.64,0,1,0.15,1.73,1.09,1.44,2.52,120,6
155,61027,61027,Non-Bitter,5.28,11.26,-0.02,0,11.56,5.09,0,1,1,-5.31,2,2,0.09,1.53,1.15,2.56,3.03,766,15
156,61137,61137,Non-Bitter,2.93,10.85,-0.04,0,5.26,4.95,0,1,2,-2.4,1,2,0.14,0.98,1.22,2.48,2.95,200,9
157,261,261,Non-Bitter,0.94,9.4,0,0,1.68,0,0,0,1,-0.66,1,1,0.19,0,1.24,2.32,2.33,20,2
158,264,264,Non-Bitter,-0.56,9.6,-0.71,7.91,1.02,0,0,1,1,-0.46,1,2,0.37,0,1.42,2.58,2.69,32,3
159,7302,7302,Non-Bitter,0.28,10.02,-0.05,0,2.18,4.51,0,1,0,-0.05,1,2,0.31,0.67,1.46,1.92,2.22,26,7
160,521380,521380,Non-Bitter,4.74,0,3.28,0,3.96,0,3.55,2,4,-3.98,2,0,0,0.67,0.96,3.24,2.24,332,30
161,6616,6616,Non-Bitter,2.93,0,1.53,0,4.31,0,1.85,1,2,-2.44,1,0,0,0.6,0.96,2.72,2.34,98,25
162,61270,61270,Non-Bitter,2.6,10.61,1.29,0,2.66,4.97,0.63,2,4,-3.13,2,2,0.12,0.57,1.22,3.24,2.32,326,23
163,61284,61284,Non-Bitter,2.22,0,1.48,8.82,2.43,0,0.66,1,3,-2.3,1,1,0.11,0.43,1.12,3.03,2.6,147,20
164,230921,230921,Non-Bitter,2.08,11.57,0.51,0,3.25,0,0.68,1,3,-2.41,1,1,0.1,0.43,1.15,3.03,2.45,123,31
165,14950,14950,Non-Bitter,-1.91,38.07,-3.88,91.47,-0.86,5.3,-9.12,3,1,-0.83,9,13,0.55,1.36,1.55,3.76,1.91,3268,90
166,10364,10364,Non-Bitter,3.27,0,0,9.35,0,0,0.49,0,3,-2.59,3,1,0.12,0.73,1.18,2.73,3.02,152,17
167,527268,527268,Non-Bitter,3.84,0,0,0,0.74,5.53,0.57,0,4,-3.64,3,1,0.05,0.31,1.15,3.39,2.91,250,20
168,7438,7438,Non-Bitter,2.4,0,2.3,9.49,1.91,0,0.26,2,2,-1.88,2,1,0.12,0.36,1.15,3.1,2.59,152,17
169,11230,11230,Non-Bitter,2.55,0,1.43,10.02,2.85,0,0.38,1,3,-2.19,1,1,0.11,0.55,1.12,2.91,2.61,148,18
170,7335,7335,Non-Bitter,2.78,10.86,2.13,0,1.91,5.24,0.42,3,3,-2.65,3,2,0.12,0.77,1.25,3.04,2.6,307,21
171,7336,7336,Non-Bitter,3.45,11.23,2.24,0,2.37,5.38,0.43,3,3,-2.92,3,2,0.11,0.53,1.23,3.37,2.57,378,23
172,5281515,5281515,Non-Bitter,4.75,0,3.11,0,6.48,0,1.73,2,3,-4.46,2,0,0,0.72,0.96,3.19,2.12,337,30
173,62127,62127,Non-Bitter,3.81,11.64,-0.08,0,8.64,5.98,1.38,1,4,-5.13,1,2,0.09,0.88,1.17,3.37,1.92,594,46
174,10106,10106,Non-Bitter,2.28,0,0,0,5.15,6.11,0.7,0,3,-2.65,0,1,0.06,0.91,1.12,2.55,2.15,132,26
175,637511,637511,Non-Bitter,1.95,9.89,0,0,0,0,0,0,0,-2.53,5,1,0.12,0.68,1.25,2.65,2.74,133,12
176,6284401,6284401,Non-Bitter,1.99,0,0,0,1.4,10.53,-0.15,0,0,-2.52,4,2,0.11,0.83,1.32,2.87,1.9,277,20
177,444539,444539,Non-Bitter,0.45,10.09,-0.92,8.29,0,0,0,1,0,-2.44,5,2,0.26,0.8,1.38,2.66,2.67,174,13
178,7660,7660,Non-Bitter,2.07,10.4,-0.25,0,0.34,4.74,0,1,1,-3.05,5,2,0.14,0.52,1.32,3.18,2.31,304,15
179,5284369,5284369,Non-Bitter,2.99,11.74,-0.41,0,0.22,5.12,0,1,0,-4.47,8,3,0.21,1.03,1.42,3.22,1.83,850,30
180,316771,316771,Non-Bitter,3.74,11.6,-0.3,0,0.28,5.12,0,1,0,-4.7,8,2,0.11,1.31,1.27,2.86,1.78,749,27
181,7664,7664,Non-Bitter,3.2,11,-0.13,0,1.69,4.98,0,1,1,-3.73,5,2,0.12,0.58,1.27,3.32,2.2,468,18
182,1550887,1550887,Non-Bitter,4.2,11.48,-0.34,0,0.27,5.07,0,1,0,-5.69,9,2,0.1,1.51,1.25,2.81,1.72,1066,28
183,7663,7663,Non-Bitter,3.2,11.1,-0.16,0,0.34,5,-0.06,1,2,-3.71,5,2,0.12,0.58,1.27,3.32,2.26,456,19
184,61091,61091,Non-Bitter,3.45,11.21,-0.13,0,0.83,5.05,0.35,1,2,-4.01,5,2,0.11,0.55,1.25,3.45,2.2,559,19
185,5370599,5370599,Non-Bitter,3.77,11.57,-0.21,0,0.63,5.14,0,1,0,-5.03,8,2,0.1,1.24,1.26,3.01,1.7,898,27
186,7661,7661,Non-Bitter,2.74,10.77,-0.17,0,0.78,4.89,0,1,1,-3.33,5,2,0.13,0.48,1.3,3.32,2.25,379,17
187,24113,24113,Non-Bitter,4.11,0,2.7,0,3.53,10.93,-0.18,2,5,-3.83,2,2,0.07,0.84,1.17,3.16,3.95,538,16
188,24191,24191,Non-Bitter,3.41,0,2.67,0,2.15,10.17,-0.21,2,5,-3.12,2,2,0.08,0.63,1.19,3.18,3.8,372,14
189,5338463,5338463,Non-Bitter,3.61,0,2.72,0,2.9,10.99,0.11,2,4,-3.03,2,2,0.08,0.63,1.2,3.27,2.22,443,19
190,311,311,Non-Bitter,-4.27,30.48,-5.02,33.81,-2.29,0,0,3,0,-0.41,3,7,0.69,1.29,1.58,2.41,4.33,246,16
191,7794,7794,Non-Bitter,3.02,10.1,1.36,0,2.94,0,0.54,1,3,-2.88,2,1,0.09,0.36,1.12,3.1,3.35,194,9
192,10402,10402,Non-Bitter,1.52,10.29,0.61,8.48,2.25,0,0.29,2,3,-2.6,2,2,0.2,0.56,1.25,3.02,3.44,244,10
193,9017,9017,Non-Bitter,3.43,10.5,1.19,0,3.83,4.89,0.63,2,4,-3.44,2,2,0.11,0.68,1.19,3.13,3.32,397,12
194,8835,8835,Non-Bitter,4.55,11.1,1.32,0,5.28,5.13,0.63,2,4,-4.13,2,2,0.1,0.55,1.17,3.45,3.38,586,15
195,7778,7778,Non-Bitter,3.35,9.86,1.37,0,3.83,4.64,0.63,1,3,-3.12,2,2,0.12,0.77,1.21,2.93,3.26,324,11
196,60985,60985,Non-Bitter,4.56,11.2,1.29,0,3.83,5.15,0.61,2,5,-4.09,2,2,0.1,0.72,1.17,3.28,3.45,573,16
197,61401,61401,Non-Bitter,2.96,9.96,1.38,0,4.34,5.1,0.68,1,3,-3.39,2,2,0.11,0.86,1.19,2.95,3.23,408,12
198,8767,8767,Non-Bitter,5.13,11.67,1.24,0,4.11,5.29,0.59,2,3,-5.42,5,2,0.09,0.68,1.19,3.65,2.09,1072,24
199,61416,61416,Non-Bitter,5.01,11.26,1.34,0,6.43,5.19,0.63,2,4,-4.59,2,2,0.09,0.63,1.15,3.45,3.38,704,16
200,12658395,12658395,Non-Bitter,-1.01,10.86,-0.41,0,0.42,4.46,-0.62,1,1,-0.81,3,4,0.44,0.33,1.72,3.25,2.34,213,17
201,342,342,Non-Bitter,2.07,0,0,8.81,0,0,0,0,1,-1.39,3,1,0.17,0.75,1.27,2.25,3.04,61,10
202,335,335,Non-Bitter,2.07,0,0,8.92,0,0,0,0,1,-1.36,3,1,0.17,1,1.27,2,3.09,60,11
203,2879,2879,Non-Bitter,2.07,0,0,8.76,0,0,0,0,1,-1.41,3,1,0.17,1.5,1.27,1.5,2.99,62,10
204,326,326,Non-Bitter,2.78,10.29,0,0,0,0,0.54,0,2,-2.83,4,1,0.11,1.09,1.21,2.37,2.89,162,16
205,444041,444041,Non-Bitter,-12.23,0,0,230.28,-7.33,79.46,-70.25,0,0,3.23,0,35,0.55,3.53,1.52,2.73,1,28693,182
206,5315941,5315941,Non-Bitter,5.89,11.62,0.5,0,16.82,0,0,1,0,-6.64,2,1,0.06,2.18,1.07,1.99,2.15,701,19
207,21363,21363,Non-Bitter,0.69,10.27,-0.63,8.47,6.42,0,0.48,1,0,-1.95,1,2,0.26,0.68,1.3,2.65,2.15,126,12
208,7413,7413,Non-Bitter,0.45,10.35,-0.6,8.54,5.24,0,-0.03,1,0,-1.48,1,2,0.29,0.75,1.34,2.42,2.25,88,12
209,30771,30771,Non-Bitter,2.6,10.46,-0.15,0,8.49,4.91,0.82,1,1,-2.88,1,2,0.14,1.06,1.23,2.52,1.95,233,14
210,7967,7967,Non-Bitter,1.31,10.46,0.46,0,5.24,0,0,1,0,-1.16,1,1,0.16,0.96,1.22,1.84,2.21,42,8
211,12146,12146,Non-Bitter,1.88,10.49,-0.13,0,5.88,5.05,0.23,1,1,-1.87,1,2,0.17,0.68,1.28,2.65,2.11,126,12
212,24510,24510,Non-Bitter,2.8,11.83,-0.29,0,5.53,5.44,0.08,1,0,-3.26,4,3,0.24,0.67,1.42,3.33,1.94,459,27
213,243783,243783,Non-Bitter,3,11.09,-0.01,0,7.39,5.29,0.23,1,1,-2.57,1,2,0.14,0.56,1.23,3.02,2.07,221,15
214,251513,251513,Non-Bitter,4.01,11.58,-0.22,0,5.67,5.39,0.14,1,0,-4.5,5,2,0.11,0.91,1.25,3.18,1.78,612,25
215,20358,20358,Non-Bitter,1.8,9.85,0,0,5.88,4.8,0.23,0,0,-1.57,1,2,0.2,0.75,1.31,2.42,2.06,94,11
216,287439,287439,Non-Bitter,3.25,11.3,-0.01,0,6.46,5.36,0.64,1,2,-2.84,1,2,0.13,0.83,1.21,2.87,2.11,276,16
217,61375,61375,Non-Bitter,2.55,10.86,-0.05,0,6.41,5.2,0.23,1,1,-2.16,1,2,0.16,0.61,1.25,2.85,2.1,168,14
218,16204532,16204532,Non-Bitter,2.18,0,0,0,8.15,0,0.87,0,0,-3.44,3,2,0.14,1.04,1.27,2.66,1.86,264,20
219,15510,15510,Non-Bitter,2.02,0,0,0,5.52,0,0.74,0,0,-0.4,0,1,0.36,0.67,1.2,1.92,2.15,26,7
220,8452,8452,Non-Bitter,0.86,10.24,0.45,0,3.97,0,0,1,0,-0.68,1,1,0.19,0.67,1.26,1.92,2.32,26,7
221,7463,7463,Non-Bitter,3.51,0,0,0,0,0,0.65,0,3,-3.1,3,0,0,1,0.98,2.32,2.89,120,14
222,62002,62002,Non-Bitter,3.58,11.9,1.5,0,2.22,0,0.09,2,4,-3.82,3,1,0.08,0.34,1.13,3.47,2.94,285,24
223,42296,42296,Non-Bitter,3.39,11.9,0.27,0,1.01,0,0.51,1,4,-3.97,3,1,0.08,0.29,1.13,3.52,2.9,285,24
224,5283349,5283349,Non-Bitter,3.21,9.82,0,0,4.93,0,0,0,1,-3.68,3,1,0.1,0.61,1.15,2.85,3.12,220,8
225,5362696,5362696,Non-Bitter,2.95,0,0,8.39,5.16,0,0,0,1,-3.38,2,1,0.11,0.73,1.12,2.73,3.06,220,8
226,12813,12813,Non-Bitter,3,10.72,-0.01,0,7.73,5.1,0.24,1,1,-2.76,1,2,0.14,0.56,1.23,3.02,1.91,241,15
227,12810,12810,Non-Bitter,3,10.88,0,0,7.5,5.19,0.23,1,1,-2.66,1,2,0.14,0.56,1.23,3.02,2.03,227,15
228,62583,62583,Non-Bitter,3,11.03,0.01,0,7.3,5.27,0.22,1,1,-2.58,1,2,0.14,0.56,1.23,3.02,2.18,211,15
229,8175,8175,Non-Bitter,3.68,9.94,0,0,9.81,0,0,0,1,-3.8,1,1,0.09,1.41,1.09,2.05,2.71,220,8
230,24513,24513,Non-Bitter,3.93,0,0,0,10.42,10.24,0.01,0,3,-4.22,0,2,0.08,1.59,1.14,2.22,2.94,419,13
231,2969,2969,Non-Bitter,2.18,10.13,-0.66,8.35,8.64,0,0,1,1,-3.41,1,2,0.2,1.29,1.21,2.29,2.81,277,9
232,8174,8174,Non-Bitter,3.71,0,0,8.51,10.75,0,0,0,1,-3.61,0,1,0.11,2.15,1.06,1.31,2.67,220,8
233,519158,519158,Non-Bitter,3.7,0,0,9.21,8.4,0,-0.05,0,2,-3.31,0,1,0.1,0.91,1.06,2.55,2.86,206,9
234,13576,13576,Non-Bitter,3.51,10.84,0.42,0,7.76,0,0,1,2,-3.32,1,1,0.09,0.91,1.09,2.55,2.92,206,9
235,19801,19801,Non-Bitter,3.65,9.85,0,0,7.57,0,0,0,1,-3.78,2,1,0.09,0.73,1.12,2.73,2.87,220,8
236,61875,61875,Non-Bitter,3.23,9.91,0,0,6.64,0,0,0,1,-3.62,2,1,0.09,0.8,1.12,2.66,2.94,220,8
237,162392,162392,Non-Bitter,3.29,9.93,0,0,7.94,0,0,0,0,-3.58,2,1,0.09,1.6,1.12,1.86,2.76,220,8
238,5282724,5282724,Non-Bitter,2.16,10.05,-0.84,8.27,7.06,0,0,1,1,-3.57,2,2,0.2,0.67,1.25,2.92,2.99,277,9
239,93732,93732,Non-Bitter,1.74,10.1,-0.72,8.32,5.74,0,0,1,1,-3.3,2,2,0.2,0.5,1.25,3.08,3.03,277,9
240,5362593,5362593,Non-Bitter,1.74,10.11,-0.7,8.33,5.53,0,0,1,1,-3.25,2,2,0.2,0.5,1.25,3.08,3.02,277,9
241,61743,61743,Non-Bitter,1.79,10.12,-0.68,8.34,6.82,0,0,1,0,-3.21,2,2,0.2,0.97,1.25,2.62,2.85,277,9
242,170977,170977,Non-Bitter,3.44,0,0,9.1,7.17,0,-0.28,0,1,-3.28,1,1,0.11,0.73,1.09,2.73,2.92,206,9
243,61522,61522,Non-Bitter,3.28,10.45,0.15,0,6.15,0,0,1,2,-3.52,2,1,0.09,0.43,1.12,3.03,3.04,212,8
244,49856,49856,Non-Bitter,3.64,10.41,-0.18,0,7.56,4.81,0,1,2,-4.2,2,2,0.11,0.86,1.19,2.95,2.99,444,11
245,8167,8167,Non-Bitter,4.09,10.43,-0.16,0,10.85,4.85,0,1,2,-4.39,1,2,0.11,1.71,1.17,2.09,2.81,444,11
246,229387,229387,Non-Bitter,5.21,11.03,-0.04,0,12.35,5.09,0,1,2,-5.09,1,2,0.1,1.88,1.14,2.13,2.93,647,14
247,229385,229385,Non-Bitter,4.75,10.8,-0.07,0,11.38,5,0,1,2,-4.68,1,2,0.11,1.73,1.15,2.17,2.88,538,13
248,62126,62126,Non-Bitter,3.26,0,2.91,9.3,3.03,0,-0.18,2,4,-3.47,2,1,0.09,0.48,1.11,3.32,2.73,301,22
249,577126,577126,Non-Bitter,2.93,10.96,3.09,0,2.71,0,0,3,4,-3.57,3,1,0.08,0.71,1.13,3.09,2.78,301,22
250,71587277,71587277,Non-Bitter,2.27,11.13,2.58,0,2.12,5.1,0.54,4,2,-1.56,3,2,0.16,0,1.33,3.58,2.35,179,25
251,650,650,Non-Bitter,-0.23,19.59,-0.76,0,0,0,0,2,2,-0.58,2,2,0.33,1,1.46,1.58,3.39,29,4
252,16315,16315,Non-Bitter,3.21,0,0,0,2.05,0,0,0,0,-3.05,2,3,0.42,1.19,1.43,1.97,2.51,120,6
253,7657,7657,Non-Bitter,3.22,0,0,0,1.35,5.61,0,0,0,-4.06,6,1,0.05,1.83,1.18,2.07,1.78,436,22
254,61989,61989,Non-Bitter,0.46,20.92,0.45,0,2.95,0,0,2,2,-2.19,2,3,0.31,1.16,1.47,2.3,2.89,204,8
255,10608036,10608036,Non-Bitter,3.73,11.16,0.01,0,8.44,5.51,0,1,2,-3.62,1,2,0.12,1,1.19,2.81,2.39,318,21
256,7986,7986,Non-Bitter,5.49,22.72,-0.13,0,12.37,10.21,0,2,2,-5.61,2,4,0.15,2.24,1.24,2.22,3.12,1621,21
257,17356,17356,Non-Bitter,5.1,0,0,0,14.9,0,1.99,0,0,-5.53,0,2,0.23,2.36,1.19,1.45,1.55,343,21
258,24197,24197,Non-Bitter,0.14,21.57,-1.4,9.07,0.06,9.02,-1.42,2,2,-1.04,2,5,0.35,0.62,1.46,3.09,3.51,286,14
259,7761,7761,Non-Bitter,1.24,19.99,-1.16,0,0.58,8.59,0,2,2,-0.95,2,4,0.4,0.91,1.47,2.55,3.23,184,10
260,28906,28906,Non-Bitter,1.71,0,0,0,1.95,0,0,0,3,-2.65,3,2,0.15,0.55,1.29,2.91,2.94,154,17
261,36225,36225,Non-Bitter,1.71,0,0,0,1.95,0,0,0,3,-2.65,3,2,0.15,0.55,1.29,2.91,2.91,156,17
262,28905,28905,Non-Bitter,1.71,0,0,0,1.97,0,0,0,3,-2.66,3,2,0.15,0.73,1.29,2.73,2.98,152,17
263,27458,27458,Non-Bitter,1.43,0,0,0,1.97,0,0,0,2,-2.18,3,2,0.16,1,1.32,2.32,2.88,117,15
264,8049,8049,Non-Bitter,3.53,22.08,-0.2,0,8.11,9.69,0,2,2,-3.88,2,4,0.18,1.75,1.29,2.42,3.04,891,17
265,31249,31249,Non-Bitter,0.79,21.44,-0.71,0,0.91,9.25,0,2,2,-1.17,2,4,0.27,1.33,1.42,2.25,3.18,244,11
266,9609,9609,Non-Bitter,1.49,0,0,0,2.52,0,0,0,2,-1.41,0,1,0.23,0.8,1.16,1.52,2.07,20,2
267,638139,638139,Non-Bitter,-0.52,21.71,-2.1,18.18,0.12,8.79,-3.79,2,2,-1.21,2,6,0.43,1,1.49,2.81,3.84,331,18
268,62913,62913,Non-Bitter,2.31,0,0,0,4.96,5.66,1.16,0,2,-1.82,0,1,0.06,0.89,1.12,2.28,2.14,91,13
269,77151,77151,Non-Bitter,2.67,0,0,0,2.44,0,0,0,2,-2.33,0,3,0.47,1.25,1.38,1.56,2.18,56,4
270,520895,520895,Non-Bitter,3.44,0,0,0,2.64,0,1.75,0,2,-2.68,0,3,0.44,0.89,1.38,2.28,2.05,91,13
271,263034,263034,Non-Bitter,1.58,0,0,0,0.96,5.33,0,0,0,-2.61,4,1,0.2,1.54,1.43,2.16,1.66,290,20
272,12072,12072,Non-Bitter,2.58,0,1.23,9.56,3.29,0,0.97,1,2,-2.01,1,1,0.12,0.55,1.12,2.91,2.43,152,17
273,30248,30248,Non-Bitter,2.96,10.89,1.05,0,3.28,5.3,1.13,2,3,-2.78,2,2,0.12,0.43,1.22,3.38,2.48,307,21
274,660,660,Non-Bitter,1.92,10.8,-0.12,0,1.33,4.99,0,1,0,-1.81,4,2,0.19,0.73,1.38,2.73,2.34,144,20
275,6428802,6428802,Non-Bitter,1.17,0,0,0,3.49,0,0,0,2,-2.53,3,2,0.16,0.91,1.33,2.55,2.5,140,22
276,14922,14922,Non-Bitter,5.01,0,2.74,8.73,6.38,0,0.82,2,4,-4.74,2,1,0.07,0.72,1.07,3.28,3.52,586,15
277,579336,579336,Non-Bitter,3.71,0,3.17,9.32,5.89,0,-0.16,2,4,-3.53,1,1,0.09,0.82,1.09,2.99,2.68,301,22
278,35821,35821,Non-Bitter,3.18,10.98,1.81,0,4.23,0,0.61,2,4,-3.82,2,1,0.07,0.86,1.11,2.95,2.64,301,22
279,519382,519382,Non-Bitter,3.38,10.98,3.38,0,5.51,0,0,3,4,-3.62,2,1,0.07,1.14,1.11,2.66,2.73,301,22
280,61275,61275,Non-Bitter,2.6,0,2.78,0,1.84,5.51,0.32,2,3,-2.08,2,1,0.05,0.61,1.15,2.85,2.45,162,14
281,61951,61951,Non-Bitter,0.52,0,0,0,2.16,0,0,0,1,-2.03,3,3,0.34,0.6,1.63,2.72,2.42,108,19
282,14344497,14344497,Non-Bitter,2.3,11.22,0.03,0,3.53,5.31,1.66,1,2,-1.8,1,2,0.16,0.33,1.26,3.25,2.03,179,25
283,7197,7197,Non-Bitter,3,0,0,0,2.64,10.47,0,0,1,-2.31,3,2,0.11,0.73,1.33,2.86,2.19,197,22
284,71587038,71587038,Non-Bitter,3.58,11.67,1.83,0,5.36,0,1.89,2,3,-3.95,2,1,0.07,0.8,1.11,3.2,2.18,397,34
285,61252,61252,Non-Bitter,0.31,10.22,0.42,0,2.63,0,0,1,0,-0.61,1,2,0.43,0.67,1.63,1.92,2.25,26,7
286,670,670,Non-Bitter,-1.45,9.68,-0.55,15.65,-1.12,0,0,1,0,0.67,1,3,0.56,0.67,1.5,1.92,2.79,31,4
287,1491,1491,Non-Bitter,-1.2,10.29,-1.22,26.1,0,0,0,1,0,-0.72,4,4,0.53,0.61,1.53,2.85,3.08,150,17
288,98330,98330,Non-Bitter,0.55,0,0,17.72,1.32,0,-0.52,0,0,-0.26,0,4,0.66,1.5,1.75,1.5,2.02,62,10
289,77932,77932,Non-Bitter,2.84,0,0,0,0,0,1.53,0,4,-2.33,0,2,0.3,1.5,1.24,1.5,2.74,74,5
290,80046,80046,Non-Bitter,3.43,0,0,0,0,0,1.5,0,4,-2.8,0,3,0.39,1.33,1.32,1.84,2.67,108,6
291,9025,9025,Non-Bitter,1.8,0,0,0,0,9.95,0,0,2,-1.63,3,2,0.12,0.8,1.36,2.52,2.75,121,14
292,10795,10795,Non-Bitter,0.08,0,0,0,0,9.35,-0.07,0,3,-0.16,0,2,0.16,0.67,1.3,1.92,2.49,31,4
293,7041,7041,Non-Bitter,1.56,0,0,9.34,0,9.71,0,0,2,-1.15,3,3,0.24,0.73,1.44,2.73,2.94,150,18
294,61400,61400,Non-Bitter,2.35,0,0,0,0,10.18,0,0,2,-2.54,4,2,0.1,0.67,1.33,2.92,2.99,198,19
295,6985,6985,Non-Bitter,2.54,10.98,0.14,0,0,0,0,1,3,-2.87,4,1,0.1,0.61,1.21,2.85,3.17,150,17
296,65289,65289,Non-Bitter,2.44,11.2,1.77,0,3.06,0,0,2,3,-2.51,2,1,0.1,0.61,1.15,2.85,2.69,148,18
297,520888,520888,Non-Bitter,0.91,10.85,0.11,0,0,0,0,1,3,-2.28,3,2,0.35,0.68,1.71,2.65,3,113,16
298,81221,81221,Non-Bitter,2.79,0,0,0,0,5.1,0,0,3,-2.5,3,1,0.06,0.4,1.21,2.92,3.01,116,15
299,61814,61814,Non-Bitter,2.56,10.34,0,0,0,0,0,0,2,-2.58,4,1,0.12,0.4,1.23,2.92,3.16,116,15
300,2734646,2734646,Non-Bitter,2.77,0,0,0,0,0,0,0,2,-3.41,4,0,0.09,0.55,1.23,2.91,2.86,138,23
301,10817,10817,Non-Bitter,2.09,0,0,9.11,0,0,-0.35,0,2,-2.22,3,1,0.13,1,1.21,2.32,2.87,120,14
302,11830590,11830590,Non-Bitter,3.32,11.51,-0.16,0,0,5.45,-0.09,1,4,-3.64,4,2,0.12,0.72,1.25,3.19,2.73,372,23
303,61634,61634,Non-Bitter,1.2,21.53,-0.36,0,0.75,0,-0.04,2,2,-1.14,2,2,0.26,0.89,1.36,2.28,2.7,80,16
304,61633,61633,Non-Bitter,0.99,21.41,-0.36,0,0.46,0,0.24,2,2,-1.07,2,2,0.26,0.44,1.36,2.73,2.7,80,16
305,62105,62105,Non-Bitter,0.43,0,0,18.88,1.2,0,0,0,2,-1.08,0,4,0.5,1.8,1.62,1.52,2.3,111,14
306,7393,7393,Non-Bitter,2.99,0,0,9.02,0,0,0,0,3,-2.79,3,1,0.12,1.45,1.18,2,2.97,152,16
307,5362584,5362584,Non-Bitter,1.52,0,0.81,0,0.95,0,0.5,1,3,-0.79,1,1,0.25,0,1.35,3.17,2.41,86,14
308,41569,41569,Non-Bitter,1.58,0,0,0,0,0,0,0,2,-0.97,2,1,0.37,1.09,1.53,1.91,3.01,59,12
309,108764,108764,Non-Bitter,1.55,10.7,0.09,0,0,0,0,1,3,-2.54,3,2,0.31,0.61,1.57,2.85,2.71,157,16
310,642117,642117,Non-Bitter,3.33,0,0,0,0,0,0,0,4,-5.18,4,2,0.3,1.5,1.56,2.5,1.96,470,29
311,7957,7957,Non-Bitter,2.83,0,0,9.39,1.89,0,1.15,0,4,-2.14,0,1,0.11,1.56,1.07,1.76,3.29,135,8
312,7958,7958,Non-Bitter,2.65,11.06,0.41,0,1.5,0,1.04,1,4,-2.22,1,1,0.1,1.2,1.11,2.12,3.39,135,8
313,61016,61016,Non-Bitter,2.77,10.16,1.33,0,2.01,0,0.22,1,3,-2.44,2,1,0.1,0.4,1.14,2.92,3.33,146,8
314,62835,62835,Non-Bitter,-0.03,10.46,-0.23,8.84,0,4.62,-0.25,3,2,-0.53,2,3,0.37,0.22,1.51,2.95,2.77,80,16
315,4120025,4120025,Non-Bitter,2.22,0,0.82,0,1.01,0,1.12,1,4,-1.49,1,1,0.21,0.61,1.29,2.85,2.33,160,16
316,61325,61325,Non-Bitter,0.34,11.04,0.87,0,0,9.89,-0.37,3,3,-0.62,2,3,0.24,0,1.44,3.32,2.68,110,18
317,5281535,5281535,Non-Bitter,4.68,10.36,3.26,0,3.96,0,0,3,2,-4.71,5,1,0.07,0.75,1.12,3.25,3.81,583,16
318,62183,62183,Non-Bitter,3.91,12.18,0.35,0,0.66,0,0.81,1,5,-4.6,3,2,0.2,0.71,1.35,3.38,2.64,532,26
319,5363526,5363526,Non-Bitter,2.59,0,1.37,0,2.37,5.83,0.38,1,4,-2.47,1,1,0.05,0.43,1.12,3.03,2.49,153,17
320,549663,549663,Non-Bitter,3.27,10.66,2.65,0,2.03,0,0,3,4,-3.05,3,1,0.08,0.67,1.14,2.92,3.75,244,10
321,6437428,6437428,Non-Bitter,4.52,11.45,3.3,0,6.26,0,0.33,3,3,-4.34,3,1,0.07,0.67,1.11,3.33,2.26,540,21
322,3020406,3020406,Non-Bitter,5.35,11.63,2.57,0,4.23,5.25,0.06,3,5,-4.68,3,2,0.09,0.82,1.16,3.35,3.83,787,20
323,5463910,5463910,Non-Bitter,3.48,10.25,0,0,4.8,0,1.09,0,3,-3.19,1,1,0.09,0.36,1.09,3.1,3.16,192,10
324,5281553,5281553,Non-Bitter,3.63,0,2.62,0,1.03,0,0,2,3,-2.91,3,0,0,0.68,0.96,2.65,3.74,146,8
325,19872333,19872333,Non-Bitter,1.25,22.53,-0.18,0,1.02,10.03,-0.53,4,3,-1.69,3,4,0.26,0.14,1.43,3.66,2.5,313,23
326,5362565,5362565,Non-Bitter,0.58,10.17,-0.41,8.36,0,0,0.32,2,3,-1.58,2,2,0.26,0.44,1.34,2.73,3.89,96,8
327,9024,9024,Non-Bitter,2.51,10.83,-0.23,0,0.74,5.2,0,1,3,-3.4,4,2,0.12,0.96,1.27,2.84,2.57,321,18
328,24915,24915,Non-Bitter,3.63,11.43,-0.11,0,2.09,5.44,0,1,3,-4.07,4,2,0.11,0.67,1.23,3.33,2.48,482,21
329,61464,61464,Non-Bitter,2.43,10.19,0,0,0.74,4.95,0,0,2,-3.06,4,2,0.14,0.67,1.3,3.03,2.56,262,17
330,22201,22201,Non-Bitter,0.09,0,0,0,0,0,0,0,2,-1.28,3,2,0.21,1,1.41,2,3.03,60,11
331,31252,31252,Non-Bitter,0.09,0,0,0,0,0,0,0,2,-1.28,3,2,0.21,1.5,1.41,1.5,2.93,62,10
332,7938,7938,Non-Bitter,0.09,0,0,0,0,0,0,0,2,-1.28,3,2,0.21,0.75,1.41,2.25,2.97,61,10
333,7937,7937,Non-Bitter,1.24,0,0,0,0,0,0,0,2,-1.77,3,1,0.1,0.75,1.25,2.25,3.02,61,10
334,62385,62385,Non-Bitter,3.31,0,1.13,0,0,0,0,1,2,-2.89,4,0,0,1,0.99,2.32,3,120,14
335,7820,7820,Non-Bitter,0.09,20.8,-0.8,0,0.17,8.6,0,2,2,-0.68,2,4,0.32,1,1.49,2.32,3.1,141,9
336,20442793,20442793,Non-Bitter,1.15,0,0,0,1.1,5.4,1.24,0,2,0.08,0,2,0.34,1.09,1.4,1.91,2.28,59,12
337,77837,77837,Non-Bitter,0.74,0,0,0,0,0,0,0,2,-1.86,2,1,0.34,0.86,1.57,1.95,2.89,41,9
338,62510,62510,Non-Bitter,1.06,0,0,0,0,0,0,0,2,-1.85,2,1,0.34,0.86,1.57,1.95,2.97,40,10
339,43463255,43463255,Non-Bitter,2.49,11.85,-0.03,0,0,0,0,1,2,-3.98,5,1,0.29,0.57,1.53,3.24,2.32,294,27
340,41570,41570,Non-Bitter,2.93,11.51,0.21,0,0.62,0,0.42,1,4,-3.58,3,2,0.24,0.43,1.44,3.38,2.49,327,20
341,61045,61045,Non-Bitter,3.16,0,0,0,0,0,0,0,2,-1.68,3,1,0.25,0.97,1.24,2.2,3.21,82,14
342,19310,19310,Non-Bitter,1.98,0,0,0,0,0,0,0,2,-1.24,0,3,0.59,0.8,1.44,1.52,1.86,20,2
343,32033,32033,Non-Bitter,2.14,0,0,0,0,0,1.64,0,2,-1.61,0,3,0.54,0.86,1.46,1.95,2.06,41,9
344,19633,19633,Non-Bitter,3.76,10.69,3.05,0,3.81,0,0,3,4,-3.87,3,1,0.07,1,1.11,2.81,3.64,397,12
345,5362563,5362563,Non-Bitter,1.72,0,0,0,0,0,0,0,2,-2.76,3,1,0.27,0.44,1.49,2.73,3.02,85,14
346,13436,13436,Non-Bitter,4.54,0,0,0,0,0,0,0,0,-4.59,6,2,0.25,1.96,1.33,1.84,1.9,343,21
347,7583,7583,Non-Bitter,3.39,0,0,0,0,5.58,0,0,0,-3.23,6,1,0.06,1.96,1.21,1.74,2.11,264,20
348,22383,22383,Non-Bitter,3.72,0,0,0,5.18,0,0,0,2,-3.44,0,3,0.39,1.73,1.32,1.44,2.38,120,6
349,24182787,24182787,Non-Bitter,-2.97,22.38,-0.99,37.33,-0.69,9.53,-5.83,2,0,0.08,5,12,0.67,0.33,2.05,4.25,1.68,1330,51
350,13254455,13254455,Non-Bitter,-2.84,22.22,-0.64,37.23,-0.66,9.53,-5.65,1,0,-0.04,5,11,0.62,0.35,2.04,4.18,1.66,1191,49
351,24203,24203,Non-Bitter,-1.88,8.88,0,21.56,0,0,0,0,0,1.16,1,4,1,0.95,1.25,1.37,2.92,16,0
352,9020,9020,Non-Bitter,-3.31,19.28,-2.15,15.8,-0.59,0,0,2,0,-0.21,2,4,0.61,1,1.58,2,2.98,74,5
353,61979,61979,Non-Bitter,1.64,0,0,0,4.25,11.59,1.06,0,2,-2.64,0,4,0.33,0.43,1.53,3.38,1.76,259,37
354,6428936,6428936,Non-Bitter,1.81,10.4,0.92,0,2.96,0,0,1,2,-3.07,2,3,0.33,0.36,1.47,3.1,3.45,190,10
355,20499,20499,Non-Bitter,2.92,0,0,0,1.8,0,0,0,0,-4.03,4,2,0.36,1.57,1.65,2.24,1.54,373,21
356,6430759,6430759,Non-Bitter,4.12,9.91,0,0,7.15,0,0,0,1,-4.66,3,1,0.08,0.89,1.12,2.82,3.09,364,10
357,5367530,5367530,Non-Bitter,4.12,9.89,0,0,7.75,0,0,0,1,-4.76,3,1,0.08,0.98,1.12,2.72,3.08,364,10
358,16821,16821,Non-Bitter,3.91,10.81,0,0,10.57,5.15,0.24,1,1,-3.83,1,2,0.12,0.97,1.19,2.84,1.82,398,17
359,12844,12844,Non-Bitter,3.91,10.99,0.01,0,10.29,5.25,0.23,1,1,-3.72,1,2,0.12,0.97,1.19,2.84,1.92,378,17
360,61835,61835,Non-Bitter,3.91,11.16,0.02,0,10.03,5.35,0.22,1,1,-3.62,1,2,0.12,0.97,1.19,2.84,2.06,354,17
361,5283361,5283361,Non-Bitter,4.57,9.93,0,0,10.43,0,0,0,1,-4.87,2,1,0.08,1.19,1.1,2.51,2.89,364,10
362,121780,121780,Non-Bitter,4.15,9.98,0,0,9.49,0,0,0,1,-4.71,2,1,0.08,1.13,1.1,2.57,2.95,364,10
363,243691,243691,Non-Bitter,6.13,11.18,-0.06,0,13.73,5.14,0.01,1,3,-6.13,1,2,0.09,1.96,1.12,2.21,2.99,915,17
364,526708,526708,Non-Bitter,2.35,9.96,0,0,4.92,5.32,0.62,0,1,-2.71,2,2,0.16,0.33,1.26,3.25,1.94,256,14
365,54675810,54675810,Non-Bitter,-2.41,10.53,-2.78,35.05,-0.67,4.32,-2.78,3,0,-0.09,2,6,0.65,0.17,1.58,3.42,2.61,188,22
366,8815,8815,Non-Bitter,2.82,0,0,0,0.92,5.02,0,0,1,-2.85,4,1,0.06,0.91,1.21,2.55,2.69,170,15
367,10902,10902,Non-Bitter,1.05,0,0,0,1.76,0,0,0,0,1.35,0,2,0.72,1,1.37,1,1.85,10,1
368,24834,24834,Non-Bitter,1.92,10.23,0,0,0.65,5.19,0,0,1,-2.1,4,2,0.17,0.73,1.36,2.73,2.66,170,15
369,5463936,5463936,Non-Bitter,1.86,0,1.32,0,1.57,5.07,0,1,3,-1.47,1,1,0.06,0.25,1.14,2.75,2.92,79,5
370,3486665,3486665,Non-Bitter,1.74,0,0,9.26,1.16,5.14,0,0,1,-1.74,3,2,0.18,0.36,1.33,3.1,2.54,166,15
371,61809,61809,Non-Bitter,1.35,0,0,0,0.7,5.05,0,0,1,-1.34,2,2,0.38,0.5,1.82,2.5,2.31,67,10
372,8857,8857,Non-Bitter,0.37,9.82,-0.21,0,0.48,4.4,0,1,2,-0.37,1,2,0.25,0,1.38,2.58,2.61,32,3
373,8868,8868,Non-Bitter,0.77,19.42,-0.68,0,0.34,4.27,0,2,2,-0.72,2,3,0.41,0.22,1.46,2.95,3.17,102,7
374,263620,263620,Non-Bitter,1.17,21.72,-0.72,0,0.34,9.62,-0.85,2,4,-1.79,2,4,0.25,0.31,1.39,3.39,3.76,272,15
375,15553243,15553243,Non-Bitter,-0.01,20.98,-0.15,0,0.91,0,0,2,2,-1.23,2,3,0.41,0.68,1.75,2.65,3.09,143,8
376,246929,246929,Non-Bitter,2.38,21.65,-0.75,0,0.66,4.64,0,2,2,-3.1,5,3,0.22,0.55,1.36,3.45,2.65,461,23
377,61988,61988,Non-Bitter,1.51,10.8,0.02,0,0.61,0,0,1,2,-1.85,3,1,0.14,0.2,1.44,3.12,2.91,115,16
378,54048924,54048924,Non-Bitter,1.2,21.23,-0.08,0,2.25,4.72,0,2,2,-1.86,2,4,0.34,0.73,1.54,2.86,3,256,10
379,25088424,25088424,Non-Bitter,-2.71,31.42,-4.12,16.82,-0.61,4.43,0,4,1,-1.6,4,6,0.49,0.48,1.57,3.32,4.28,334,15
380,8821,8821,Non-Bitter,1.07,10.07,-0.36,0,0.42,4.43,0,1,1,-0.82,2,2,0.22,0,1.4,2.81,2.96,50,5
381,702,702,Non-Bitter,-0.01,0,0,7.57,0.25,0,0,0,1,0.47,0,1,0.31,0.67,1.22,0.92,1.53,4,0
382,60979,60979,Non-Bitter,2.02,11.18,-0.3,0,0.39,9.78,0,1,2,-2.18,4,3,0.19,0.77,1.4,2.93,2.62,270,19
383,6877,6877,Non-Bitter,1.29,11.16,-0.37,0,0.37,4.79,0,1,1,-1.81,4,3,0.3,0.33,1.54,3.25,2.77,201,18
384,61447,61447,Non-Bitter,3.63,11.36,-0.1,0,2.16,5.39,-0.09,1,2,-3.54,4,2,0.12,0.58,1.25,3.32,2.53,396,21
385,61014,61014,Non-Bitter,4.02,22.7,-0.36,0,11.5,10,0,2,0,-4.09,2,4,0.19,2.63,1.3,1.61,2.13,797,21
386,61448,61448,Non-Bitter,2.13,10.36,-0.18,0,2.76,4.85,0.55,1,3,-1.94,1,2,0.15,0.4,1.24,2.92,3.2,138,9
387,7359,7359,Non-Bitter,1.86,9.97,0,0,1.97,0,0.31,0,2,-1.4,1,1,0.14,0.57,1.17,2.24,3.11,48,6
388,7762,7762,Non-Bitter,1.49,10.42,-0.09,0,1.92,4.64,0,1,2,-1.06,1,2,0.19,0.75,1.3,2.25,2.88,75,6
389,6915,6915,Non-Bitter,0.36,10.16,-0.67,8.37,1.48,0,-0.13,1,2,-1.18,1,2,0.28,0.5,1.32,2.5,3.4,67,8
390,7649,7649,Non-Bitter,2.5,10.91,-0.3,0,0.41,4.74,0,1,1,-3,5,2,0.14,0.67,1.32,3.03,2.47,290,16
391,12191,12191,Non-Bitter,1.47,10.33,-0.27,0,0.45,4.56,0,1,2,-1.22,2,2,0.2,0,1.35,3,3.14,75,6
392,18686,18686,Non-Bitter,2.5,11.18,0.02,0,6.29,4.94,0.21,1,1,-2.13,1,2,0.16,0.61,1.25,2.85,2.19,164,15
393,61466,61466,Non-Bitter,3.2,11.06,-0.02,0,8.91,4.89,0.79,1,1,-3.14,1,2,0.13,0.89,1.21,2.82,2.01,290,16
394,5281162,5281162,Non-Bitter,3.76,10.84,-0.27,0,5.25,4.73,0,1,2,-4.13,3,2,0.12,0.57,1.22,3.24,3.35,428,12
395,8048,8048,Non-Bitter,4.23,10.96,-0.04,0,9.83,4.85,0,1,2,-4.1,1,2,0.11,1.54,1.17,2.27,2.93,428,12
396,533700,533700,Non-Bitter,4.21,10.87,-0.22,0,7.79,4.76,0,1,2,-4.19,2,2,0.11,0.86,1.19,2.95,3.13,428,12
397,23834,23834,Non-Bitter,3.79,10.92,-0.09,0,6.75,4.81,0,1,2,-3.96,2,2,0.11,0.86,1.19,2.95,3.13,428,12
398,62069,62069,Non-Bitter,1.08,0,0,0,0.88,0,0,0,3,-2.01,2,1,0.18,0.67,1.44,2.5,2.84,86,14
399,61712,61712,Non-Bitter,2.5,0,0,9.56,0.88,10,0,0,3,-2.04,3,3,0.2,1.04,1.37,2.66,3.07,238,22
400,53423759,53423759,Non-Bitter,0.9,0,0.55,0,1.3,0,0,1,3,-1.24,2,1,0.16,0.4,1.26,2.92,2.6,115,15
401,26334,26334,Non-Bitter,1.04,0,0,0,0.97,0,0,0,3,-2.21,3,2,0.16,0.4,1.32,2.92,2.98,116,15
402,61590,61590,Non-Bitter,0.82,32.18,-1.92,0,0.09,4.41,0,3,2,-1.47,3,4,0.32,0.73,1.46,2.86,3.65,224,13
403,6354,6354,Non-Bitter,-0.13,0,0,0,2,4.5,0,0,0,0.56,0,1,0.25,1.58,1.38,0,2.07,3,0
404,62469,62469,Non-Bitter,3.44,11.56,-0.08,0,2.06,5.03,-0.01,1,2,-3.54,4,2,0.12,0.58,1.25,3.32,2.51,398,21
405,18554,18554,Non-Bitter,1.75,0,0,0,0.99,0,0,0,1,-1.54,2,0,0.12,0.57,1.27,2.24,2.66,43,9
406,61450,61450,Non-Bitter,1.5,10.87,-0.17,0,1.45,4.76,0,1,1,-2.08,3,2,0.22,0.73,1.41,2.86,2.11,232,15
407,556940,556940,Non-Bitter,1.86,10.95,-0.13,0,2.52,4.8,0,1,1,-2.96,3,3,0.3,0.77,1.55,3.04,1.9,387,17
408,62465,62465,Non-Bitter,2.51,0,0,9.21,0.95,4.94,0,0,2,-1.98,3,2,0.18,0.55,1.33,2.91,2.93,154,17
409,61449,61449,Non-Bitter,3.19,10.26,0.94,0,4.31,0,0,1,2,-2.73,2,1,0.1,0.2,1.14,3.12,3.48,145,9
410,7797,7797,Non-Bitter,2.86,10.78,-0.05,0,5.66,4.78,0,1,2,-2.52,1,2,0.14,0.98,1.22,2.48,2.92,202,9
411,108579,108579,Non-Bitter,2.42,10.75,-0.1,0,2.82,4.75,0,1,2,-2.41,2,2,0.14,0.55,1.25,2.91,3.11,202,9
412,31265,31265,Non-Bitter,2.41,10.7,-0.06,0,4.33,4.75,0,1,2,-2.01,1,2,0.15,0.8,1.24,2.52,2.92,150,8
413,7720,7720,Non-Bitter,2.66,0,0,8.75,5.2,0,0.56,0,2,-2.15,0,1,0.12,0.75,1.09,2.42,3.05,104,8
414,5364778,5364778,Non-Bitter,2.38,10.61,-0.24,0,2.46,4.66,0,1,2,-2.12,2,2,0.16,0.4,1.28,2.92,3.21,150,8
415,61312,61312,Non-Bitter,1.96,10.64,-0.15,0,1.85,4.7,0,1,2,-1.97,2,2,0.16,0.4,1.28,2.92,3.16,150,8
416,6420258,6420258,Non-Bitter,2.01,10.66,-0.11,0,2.73,4.72,0,1,1,-1.87,2,2,0.16,0.2,1.28,3.12,2.99,150,8
417,6008212,6008212,Non-Bitter,4.71,11.49,0.53,0,5.48,5.39,0.1,2,4,-3.99,2,2,0.1,0.27,1.18,3.64,3.81,432,17
418,62572,62572,Non-Bitter,0.32,10.47,-0.34,8.65,0.47,4.55,-0.59,1,2,-0.61,1,3,0.31,0.22,1.38,2.95,3.07,102,7
419,62752,62752,Non-Bitter,1.2,10.64,0.85,8.99,2.08,0,0,3,1,-0.8,2,2,0.28,0.22,1.36,2.95,2.72,84,15
420,528698,528698,Non-Bitter,1.45,10.85,0.85,9.16,1.29,0,0.26,3,2,-1.08,2,2,0.25,0,1.32,3.32,2.83,110,18
421,65427,65427,Non-Bitter,1.66,11.04,0.78,9.1,1.58,0,0.06,3,2,-1.15,2,2,0.25,0.2,1.32,3.12,2.7,111,18
422,33931,33931,Non-Bitter,0.64,10.91,-0.16,8.97,0.61,5.02,-0.45,3,2,-0.73,2,3,0.32,0.2,1.44,3.12,2.63,111,18
423,61199,61199,Non-Bitter,0.49,10.62,-0.16,8.97,0.72,4.77,-0.2,3,2,-0.85,2,3,0.33,0.2,1.46,3.12,2.7,111,18
424,61293,61293,Non-Bitter,1.3,10.75,-0.31,9.15,2.07,4.66,-0.53,1,2,-1.32,1,3,0.25,0.36,1.32,3.1,3.23,184,10
425,7342,7342,Non-Bitter,1.5,10.52,-0.12,0,0.48,4.66,0.01,1,3,-1.01,1,2,0.19,0.25,1.3,2.75,3.14,70,7
426,62907,62907,Non-Bitter,3.06,11.95,0.28,0,4.35,0,2.19,1,4,-3.28,1,1,0.12,0.45,1.22,3.46,2.61,360,24
427,7945,7945,Non-Bitter,1.74,10.63,-0.09,0,1.03,4.71,0.41,1,3,-1.33,1,2,0.17,0.22,1.26,2.95,3.11,102,7
428,7800,7800,Non-Bitter,5.14,11.03,-0.04,0,12.7,4.87,0,1,2,-5.19,1,2,0.1,1.88,1.14,2.13,2.94,647,14
429,10883,10883,Non-Bitter,0.32,20.92,-0.27,0,0.89,4.6,0,2,2,-1.07,2,3,0.26,0.68,1.39,2.65,3.12,143,8
430,9833996,9833996,Non-Bitter,1.29,10.58,-0.17,0,0.86,4.66,0.1,1,2,-0.26,1,3,0.39,0.22,1.51,2.95,3.07,102,7
431,519709,519709,Non-Bitter,1.15,10.44,-0.25,0,0.43,4.59,-0.3,1,2,-0.06,1,3,0.43,0.25,1.57,2.75,3.1,70,7
432,21625,21625,Non-Bitter,0.92,10.37,-0.17,0,1.45,4.59,0,1,1,0.05,1,3,0.43,0.75,1.57,2.25,2.85,75,6
433,24020,24020,Non-Bitter,1.96,10.75,-0.08,0,1.35,4.76,0.06,1,3,-1.39,1,2,0.17,0.22,1.26,2.95,3.29,98,9
434,123388,123388,Non-Bitter,1.73,0,0,0,1.22,0,0,0,2,-1.32,0,2,0.42,0.8,1.33,1.52,1.96,20,2
435,90972,90972,Non-Bitter,1.93,10.88,-0.12,0,0.47,4.78,-0.05,1,3,-1.79,1,4,0.4,0.4,1.62,2.92,3.19,135,10
436,62166,62166,Non-Bitter,1.86,10.81,-0.22,0,0.42,4.72,-0.23,1,2,-1.32,3,2,0.16,0.2,1.32,3.12,3.65,135,10
437,560255,560255,Non-Bitter,2.2,10.79,-0.07,0,2.1,4.78,0.46,1,3,-1.77,1,2,0.15,0.2,1.24,3.12,3.23,138,9
438,62902,62902,Non-Bitter,2.41,10.91,-0.07,0,2.46,4.82,0.07,1,3,-1.85,1,2,0.15,0.4,1.24,2.92,3.33,135,10
439,5463855,5463855,Non-Bitter,1.97,10.86,-0.15,0,0.46,4.77,-0.11,1,3,-1.91,2,2,0.16,0.2,1.28,3.12,3.54,135,10
440,62024,62024,Non-Bitter,2.02,10.86,-0.14,0,1.15,4.77,-0.05,1,2,-1.79,2,2,0.16,0,1.28,3.32,3.43,135,10
441,6501,6501,Non-Bitter,1.88,11.45,-0.28,0,0.39,10.35,-0.45,1,2,-2.66,4,3,0.19,0.45,1.37,3.46,2.02,378,29
442,25915,25915,Non-Bitter,0.76,0,0,0,0.97,0,0,0,2,-1.72,3,2,0.18,0.89,1.36,2.28,2.79,90,12
443,26332,26332,Non-Bitter,0.76,0,0,0,0.97,0,0,0,2,-1.72,3,2,0.18,0.22,1.36,2.95,2.84,88,12
444,27457,27457,Non-Bitter,0.76,0,0,0,0.97,0,0,0,2,-1.73,3,2,0.18,0.44,1.36,2.73,2.91,86,13
445,7728,7728,Non-Bitter,1.9,0,0,0,1.08,0,0,0,2,-2.28,3,1,0.09,0.89,1.22,2.28,2.84,90,12
446,27440,27440,Non-Bitter,1.4,0,0,0,1.07,0,0,0,2,-2.31,2,1,0.3,0.25,1.5,2.75,2.71,63,11
447,78199,78199,Non-Bitter,0.85,10.4,-0.13,0,0.95,4.62,0,1,2,-1.02,1,3,0.35,0.75,1.57,2.25,2.8,75,6
448,57376045,57376045,Non-Bitter,3.3,0,0.77,0,5.35,5.12,0,1,2,-3.88,1,2,0.23,0.8,1.32,2.52,2.93,150,8
449,5463935,5463935,Non-Bitter,1.42,10.69,-0.07,0,3.03,4.74,0,1,2,-1.93,1,3,0.29,0.8,1.46,2.52,2.87,150,8
450,61592,61592,Non-Bitter,1.1,10.57,-0.09,0,1.89,4.69,0,1,2,-1.45,1,3,0.31,0.67,1.51,2.5,2.85,108,7
451,5362581,5362581,Non-Bitter,2.36,11.51,-0.27,0,0.39,10.41,-0.45,1,3,-3.18,4,3,0.17,0.63,1.35,3.38,2.04,458,31
452,31283,31283,Non-Bitter,6.05,11.08,-0.03,0,15.6,4.89,0,1,2,-6.29,1,2,0.09,2.18,1.12,1.99,2.95,930,16
453,8026,8026,Non-Bitter,-0.71,8.93,0,0,0.36,3.9,0,0,1,-0.11,1,3,0.46,0,1.76,2.32,2.1,20,2
454,31251,31251,Non-Bitter,3.77,10.91,-0.04,0,8.42,4.83,0,1,2,-3.57,1,2,0.12,1.35,1.18,2.35,2.93,340,11
455,61451,61451,Non-Bitter,3.87,10.74,-0.41,0,5.97,4.66,0,1,2,-3.89,1,2,0.12,0.83,1.24,2.87,3.23,340,11
456,8122,8122,Non-Bitter,7.88,11.15,-0.03,0,21.48,4.92,0,1,2,-8.5,1,2,0.07,2.7,1.09,1.76,2.96,1720,20
457,21159448,21159448,Non-Bitter,2.48,10.8,-0.13,0,2.56,4.76,0,1,1,-2.78,3,2,0.14,0.33,1.26,3.25,3.18,265,10
458,7799,7799,Non-Bitter,3.32,10.85,-0.05,0,7.02,4.81,0,1,2,-3.04,1,2,0.13,1.17,1.2,2.42,2.93,265,10
459,61840,61840,Non-Bitter,1.98,10.29,-0.66,8.48,5.95,0,0.63,1,2,-3.03,1,2,0.2,0.33,1.21,3.25,3.39,237,11
460,61934,61934,Non-Bitter,2.87,10.82,-0.1,0,4.06,4.78,0,1,2,-2.91,2,2,0.13,0.83,1.23,2.75,3.13,265,10
461,5363269,5363269,Non-Bitter,7.44,11.15,-0.04,0,17.81,4.91,0,1,2,-8.24,2,2,0.07,1.96,1.11,2.49,3.08,1720,20
462,5364399,5364399,Non-Bitter,3.29,10.77,-0.23,0,5.04,4.72,0,1,2,-3.13,2,2,0.13,0.5,1.23,3.08,3.17,265,10
463,238498,238498,Non-Bitter,1.89,20.29,-0.53,0,1.61,4.38,0,2,2,-1.35,2,3,0.34,0.91,1.38,2.55,3.31,184,10
464,12366,12366,Non-Bitter,6.97,11.12,-0.03,0,18.53,4.91,0,1,2,-7.39,1,2,0.08,2.45,1.11,1.87,2.96,1285,18
465,31242,31242,Non-Bitter,2.53,0,0,8.85,1.03,0,0,0,1,-1.88,3,1,0.15,0.89,1.24,2.28,2.85,90,12
466,61452,61452,Non-Bitter,2.98,11.01,-0.09,0,2.8,4.84,0,1,1,-3.27,4,2,0.13,0.82,1.27,2.99,2.14,372,17
467,8469,8469,Non-Bitter,1.67,11.24,-0.26,0,0.4,10.1,-0.49,1,1,-2.17,4,3,0.21,0.63,1.4,3.18,1.88,330,24
468,16237,16237,Non-Bitter,2.53,10.99,-0.12,0,1.7,4.82,0,1,1,-2.79,4,2,0.14,0.89,1.3,2.82,2.25,290,16
469,7749,7749,Non-Bitter,1.04,10.19,-0.12,0,0.97,4.55,0,1,2,-0.65,1,2,0.21,0.29,1.33,2.52,2.8,50,5
470,35349,35349,Non-Bitter,2.61,0,0,0,3.85,0,0,0,2,-2.43,0,2,0.34,1.25,1.27,1.56,2.27,56,4
471,53425122,53425122,Non-Bitter,3.2,0,0,0,3.81,0,0,0,2,-2.89,0,3,0.43,1.5,1.35,1.5,2.29,84,5
472,10823,10823,Non-Bitter,1.62,0,0,0,1.08,0,0,0,1,-1.77,3,1,0.11,0.84,1.25,2.16,2.79,64,10
473,12041,12041,Non-Bitter,0.25,20.23,-1.31,0,0.26,4.31,0,2,2,-0.82,2,3,0.33,0.25,1.48,2.75,3.23,70,7
474,8365,8365,Non-Bitter,1.79,11.08,-0.49,9.21,0.31,4.71,0,1,1,-1.58,4,3,0.27,0.33,1.44,3.25,2.76,201,18
475,15540144,15540144,Non-Bitter,2.34,10.84,-0.26,0,0.95,4.72,0,1,1,-2.1,3,3,0.35,0.73,1.64,2.86,2.06,232,15
476,16970,16970,Non-Bitter,1.94,10.57,-0.29,0,0.43,4.63,0,1,2,-2.13,3,2,0.16,0.2,1.32,3.12,3.4,150,8
477,61171,61171,Non-Bitter,0.93,10.01,0.21,0,0.9,0,0,1,2,-0.89,1,2,0.36,0,1.52,2.58,2.63,32,3
478,3734338,3734338,Non-Bitter,3.13,0,0,0,1.07,0,0,0,1,-1.63,3,1,0.26,0.44,1.24,2.73,2.98,86,13
479,4047281,4047281,Non-Bitter,2.36,10.94,-0.34,0,0.35,9.92,0,1,2,-2.52,4,3,0.17,0.91,1.37,2.9,2.27,358,18
480,106997,106997,Non-Bitter,2.84,0,0,10.78,4.7,0,0.75,0,4,-3.25,0,1,0.1,0.62,1.1,3.09,2.43,195,38
481,12327,12327,Non-Bitter,4.69,10.99,-0.04,0,11.26,4.86,0,1,2,-4.65,1,2,0.11,1.71,1.15,2.2,2.94,530,13
482,12729,12729,Non-Bitter,4.3,10.98,-0.05,0,9.37,4.85,0,1,1,-4.43,2,2,0.11,1.17,1.18,2.74,2.96,530,13
483,10882,10882,Non-Bitter,1.95,10.58,-0.07,0,3.07,4.7,0,1,2,-1.52,1,2,0.17,0.67,1.26,2.5,2.91,108,7
484,8467,8467,Non-Bitter,0.98,10.34,0,9.22,0.47,5.07,0,0,1,-1.59,4,3,0.28,0.17,1.45,3.42,2.88,202,18
485,11163251,11163251,Non-Bitter,-0.25,10.83,0,38.61,-0.22,16.15,-6.89,0,1,-1.57,4,8,0.4,0.76,1.5,3.76,2.09,1198,44
486,673160,673160,Non-Bitter,2.82,22.12,-0.33,0,0.44,10.5,-0.21,1,3,-3.03,5,4,0.21,0.35,1.4,3.73,2.84,542,26
487,2758,2758,Non-Bitter,2.15,0,0,0,5.31,6.06,0.82,0,3,-2.67,0,1,0.06,0.8,1.12,2.66,2.17,128,24
488,3314,3314,Non-Bitter,2.58,0,0,9.25,0.79,4.95,0,0,1,-2.35,4,2,0.17,0.17,1.33,3.42,2.88,204,18
489,7136,7136,Non-Bitter,2.59,10.8,-0.36,0,0.76,10.1,0,1,2,-3.18,5,3,0.16,0.27,1.37,3.64,2.86,388,22
490,62362,62362,Non-Bitter,4.25,12,-0.4,0,0.74,10.62,0,1,1,-4.79,8,3,0.13,0.74,1.33,3.58,2.13,876,34
491,24835,24835,Non-Bitter,2.51,10.16,0,0,0.76,9.8,0,0,1,-2.83,5,3,0.18,0.71,1.4,3.09,2.86,321,21
492,5281516,5281516,Non-Bitter,5.46,0,4.13,0,3.36,0,0,3,4,-4.95,4,0,0,0.85,0.96,3.06,3.89,484,14
493,1549107,1549107,Non-Bitter,4.76,0,4.14,8.72,4.61,0,0,3,4,-4.44,3,1,0.07,1.17,1.09,2.83,3.77,586,15
494,107217,107217,Non-Bitter,2.49,11.08,-0.13,0,3.76,5.52,0.88,1,4,-3.12,1,2,0.12,0.71,1.22,3.09,2.2,265,33
495,284,284,Non-Bitter,-0.28,8.36,0,6.89,0,0,0,0,0,0.56,1,2,0.69,0,1.52,1.58,1.92,4,0
496,61341,61341,Non-Bitter,2.18,10.28,0,0,0,0,0,0,0,-2.57,5,1,0.22,0.73,1.38,2.73,2.7,147,21
497,61130,61130,Non-Bitter,2.04,10.61,1.05,0,2.37,0,1.41,1,2,-2.24,2,1,0.11,0.36,1.18,3.1,2.28,138,27
498,62144,62144,Non-Bitter,1.27,9.82,0,0,0.64,0,0,0,0,-1.68,3,2,0.4,0.44,1.71,2.73,2.24,99,11
499,444972,444972,Non-Bitter,-2.91,19.11,-2.51,15.62,0,0,0,2,0,-0.81,3,4,0.63,1,1.52,2,3.44,74,5
500,7362,7362,Non-Bitter,0.98,9.77,0,0,0,0,0,0,0,-0.94,3,1,0.31,0.57,1.49,2.24,2.81,43,9
501,12170,12170,Non-Bitter,0.79,10.28,-0.3,0,0.22,4.65,0,1,1,-1.43,3,2,0.27,0.6,1.48,2.72,2.2,133,12
502,6435826,6435826,Non-Bitter,2.25,10.35,0.75,0,0.74,0,0,1,1,-2.41,4,1,0.19,0.36,1.36,3.1,2.7,167,15
503,61282,61282,Non-Bitter,2.29,0,0,0,0.99,0,0.69,0,2,-2.75,2,1,0.23,0.6,1.41,2.72,2.17,133,12
504,61658,61658,Non-Bitter,2.16,11.08,-0.18,0,0.69,4.96,0.34,1,2,-2.37,3,2,0.2,0.62,1.37,3.09,2.12,289,16
505,7363,7363,Non-Bitter,1.38,0,0,0,0.69,0,0,0,0,-0.4,2,1,0.44,0.57,1.61,2.24,2.63,43,9
506,61661,61661,Non-Bitter,0.82,0,0,0,0.56,4.79,0,0,1,-1.17,2,1,0.18,0.5,1.41,2.5,2.36,67,10
507,518937,518937,Non-Bitter,1.56,0,0,0,0.98,0,0,0,1,-1.99,2,1,0.29,0.5,1.53,2.5,2.37,67,10
508,61985,61985,Non-Bitter,3.73,11.31,-0.13,0,6.5,5.06,0,1,1,-4.03,3,2,0.16,1.05,1.3,2.95,1.9,582,19
509,61955,61955,Non-Bitter,2.37,11.03,-0.16,0,2.64,4.96,0,1,1,-2.53,3,2,0.2,0.67,1.37,3.03,2.04,299,16
510,61166,61166,Non-Bitter,1.45,10.64,-0.21,0,0.64,4.8,0,1,1,-1.69,3,2,0.24,0.55,1.44,2.91,2.15,177,14
511,15743318,15743318,Non-Bitter,3.02,0,0,0,3.46,0,0,0,1,-3.5,2,2,0.34,0.8,1.52,2.66,1.92,191,13
512,15037,15037,Non-Bitter,1.89,0,0,0,0.57,0,0,0,0,-2.4,4,0,0.12,1.64,1.47,1.82,2.05,162,18
513,61660,61660,Non-Bitter,1.34,10.46,0.12,0,0.64,0,0,1,1,-1.98,3,2,0.35,0.6,1.63,2.72,2.21,133,12
514,62143,62143,Non-Bitter,2.01,10.83,0.21,0,1.24,0,0,1,1,-2.31,3,2,0.32,0.55,1.57,2.91,2.16,177,14
1605,Gamabufotalin,259803,Bitter,2.14,11.42,0.59,33.84,6.62,5.14,-0.01,2,2,-4.52,3,5,0.23,0.78,1.3,4.07,1.47,1975,81
1606,Gentiobiose,441422,Bitter,-4.26,0,0,76.11,-1.1,15.11,-15.3,0,0,0.65,0,11,0.59,1.91,1.51,2.61,1.8,1222,47
1607,Ginkgolide C,161120,Bitter,-1.75,38.31,-2.98,46.09,0,22.2,-11.94,3,4,-1.3,3,11,0.44,1.12,1.52,3.83,1.66,1866,118
1608,Ginkgolide A,441293,Bitter,-0.02,38.14,-2.2,23.03,0.46,22.89,-5.75,3,4,-1.85,3,9,0.36,1.21,1.48,3.65,1.61,1612,109
1609,Ginkgolide B,65243,Bitter,-0.85,38.24,-2.64,34.68,0.23,22.51,-8.82,3,4,-1.58,3,10,0.4,1.05,1.5,3.86,1.64,1731,114
1610,beta-Glucogallin,124021,Bitter,-1.9,11.93,-1.15,65.83,-0.7,9.77,-8.06,1,0,-0.21,4,10,0.58,0.88,1.57,3.64,2.03,1206,46
1611,Glucovanillin,6452133,Bitter,-0.6,10.74,0,38.43,-0.55,15.76,-6.89,0,1,-1.33,4,8,0.42,0.8,1.51,3.66,2.07,1059,43
1612,Glutaronitrile,10994,Bitter,0.6,0,0,0,1.73,0,0,0,0,-1.16,0,2,0.39,0.86,1.46,1.95,2.72,56,4
1613,Amobarbital,2164,Bitter,2.3,34.54,-1.66,0,1.67,0,0.42,3,3,-2.44,3,3,0.32,0.67,1.56,3.33,2.76,418,29
1614,Amobarbital Sodium salt,23689390,Bitter,1.89,23.58,-1.56,9.05,1.66,0,0.42,3,3,-2.61,3,4,0.33,0.25,1.58,3.75,2.82,418,29
1615,Guaifenesin,3516,Bitter,0.75,0,0,17.65,-0.26,10.29,-0.86,0,1,-1.27,3,4,0.29,0.57,1.43,3.24,2.44,331,20
1616,Harman,5281404,Bitter,2.46,0,0,0,0,0,0,0,1,-3.78,6,1,0.16,0.82,1.33,2.99,2.59,267,33
1617,Helenalin,23205,Bitter,1.44,23.86,-0.21,10.71,0.66,5.31,-1.57,3,2,-2.68,4,4,0.26,0.57,1.38,3.68,2.03,570,51
1618,Heptabarbital,10518,Bitter,2.59,35.45,-0.81,0,5.22,0,0,4,1,-3.01,4,3,0.31,0.75,1.56,3.42,2.31,537,38
1619,Hexobarbital Sodium salt,24197253,Bitter,2.21,35.47,-0.74,0,3.71,0,0,4,2,-2.38,4,3,0.28,0.4,1.6,3.69,2.31,458,38
1620,Homidium Bromide,14710,Bitter,2.67,0,0,0,0.63,0,0,0,1,-6.83,10,1,0.18,1.03,1.29,3.55,2.25,1150,56
1621,Amodiaquin Dihydrochloride dihydrate,64646,Bitter,0.82,0,0,10.19,2.91,0,0,0,2,-7.36,8,2,0.16,0.64,1.52,4,1.86,1580,48
1622,Hydrogen Peroxide,784,Bitter,-0.52,0,0,12,0,0,0,0,0,0.78,0,2,1,1,1,0,0.77,1,0
1623,Hydroxyzine Dihydrochloride,91513,Bitter,1.91,0,0,8.78,6.48,5.4,0.33,0,0,-5.92,6,3,0.1,1.49,1.48,3.21,1.61,1831,46
1624,Imipramine <i>N-</i>Oxide Hydrochloride,88286,Bitter,0.46,13.9,0,0,4.46,0,0,0,2,-6.55,6,1,0.07,1.22,1.32,3.24,2,959,46
1625,Improsulfan Tosylate,284314,Bitter,-2.43,42.37,0,0,3.06,9.1,0,0,2,-1.95,4,6,0.43,1.98,1.75,2.11,2.91,736,14
1626,Acecarbromal,6489,Bitter,1.85,33.18,-1.74,0,1.12,0,0,3,3,-3.32,3,3,0.29,0.85,1.78,3.06,4.12,394,20
1627,Inaperisone Hydrochloride,147524,Bitter,2.13,12.32,0.3,0,7.15,0,0.14,1,2,-5.24,4,1,0.08,0.67,1.25,3.5,1.92,668,31
1628,Iodinated Glycerol,21852,Bitter,1.15,0,0,8.66,0.58,10.52,0.11,0,1,-1.26,0,3,0.22,0.4,1.62,2.92,2.13,121,15
1629,Ipodate Sodium salt,23671932,Bitter,0.68,10.72,-0.77,8.82,0.69,0,0,1,2,-8.35,5,3,0.16,0.74,1.88,3.51,3.08,732,30
1630,L-Isoleucine,6306,Bitter,-1.86,10.24,-0.8,8.42,0.88,0,-0.27,1,2,-0.78,1,2,0.42,0.22,1.48,2.95,3.58,92,10
1631,Isopropyl Alcohol,3776,Bitter,0.37,0,0,8.06,0,0,-0.17,0,2,0.07,0,1,0.25,1.19,1.19,0.81,2.23,9,0
1632,Isoxsuprine,11368,Bitter,1.77,0,0,19.66,0.58,5.72,-0.36,0,2,-4.3,6,3,0.21,1.14,1.4,3.32,1.77,1247,35
1633,Khellin,3828,Bitter,2.17,12.19,0.33,0,0,16.29,0,2,3,-2.98,6,4,0.23,0.53,1.47,3.72,2.34,594,46
1634,Lafutidine,5282136,Bitter,0.43,23.74,-0.25,0,8.42,5.69,0,1,0,-6.93,8,4,0.25,1.34,1.61,3.56,1.24,3426,46
1635,Lappaconitine,115161,Bitter,0.03,25.93,-0.74,25.67,4.14,25.05,-1.82,2,5,-3.54,5,9,0.23,0.92,1.47,4.47,1.33,4994,129
1636,Linamarin,11128,Bitter,-1.58,0,0,37.57,-0.53,10.26,-6.73,0,2,-0.64,0,7,0.48,0.79,1.61,3.29,2.59,500,30
1637,Lincomycin Hydrochloride monohydrate,71476,Bitter,-1.49,12.87,-0.19,40.74,3.9,5.73,-7.42,1,4,-3.37,1,7,0.36,1.07,1.57,3.68,1.99,1843,53
1638,Amylocaine Hydrochloride,10766,Bitter,1.37,11.97,-0.24,0,1.62,5.62,0,1,4,-4.16,4,2,0.12,0.51,1.35,3.57,2.62,540,25
1639,Lycoctonine,99924,Bitter,-3.12,0,0,36.63,4.62,24.55,-1.28,0,5,-2.65,0,7,0.23,1.19,1.4,3.86,1.62,2241,114
1640,Lycopodine,101684,Bitter,1.08,12.49,0.62,0,12.89,0,1.28,1,1,-4.76,1,1,0.09,0.75,1.23,3.42,1.84,466,54
1641,Meconin,68437,Bitter,1.41,11.36,-0.35,0,0.31,15.09,0,1,2,-1.62,4,4,0.24,0.71,1.48,3.09,2.5,272,30
1642,<i>l-</i>Menthone,26447,Bitter,2.74,11.45,0.5,0,3.19,0,1.55,1,3,-2.32,1,1,0.1,0.61,1.12,2.85,2.48,150,17
1643,Meperidine Hydrochloride,5750,Bitter,0.88,12.4,-0.05,0,4.25,5.33,0,1,2,-4.21,4,2,0.12,0.75,1.35,3.42,2.25,568,35
1644,Mephenesin,4059,Bitter,1.25,0,0,17.59,-0.15,5.28,-0.81,0,1,-1.65,3,3,0.26,0.31,1.37,3.39,2.4,272,18
1645,Meprobamate,4064,Bitter,1.27,20.91,-1.67,0,1.85,9.4,0,2,2,-1.98,2,4,0.42,1.36,1.6,2.55,3.93,406,16
1646,Methacycline Hydrochloride,5281092,Bitter,-3.21,39.88,-6.23,53.9,0,0,-5.76,8,2,-3.8,9,8,0.44,1.01,1.63,3.99,1.99,2336,88
1647,Methamphetamine Hydrochloride,66124,Bitter,0.84,0,0,0,1.16,0,0.69,0,2,-2.82,3,0,0.1,0.61,1.15,2.85,2.48,168,14
1648,Methantheline Bromide,5883,Bitter,2.43,12.9,-0.21,0,3.3,11.62,-0.43,1,3,-6.29,7,3,0.1,1.04,1.37,3.6,1.74,1504,51
1649,Methoxsalen,4114,Bitter,2.19,11.17,-0.41,0,0,10.35,0,1,1,-3.05,6,3,0.25,0.25,1.46,3.75,2.28,387,37
1650,Methoxyphenamine Hydrochloride,71471,Bitter,1.02,0,0,0,1.12,5.31,0.51,0,3,-2.98,3,1,0.13,0.83,1.31,2.87,2.89,242,21
1651,Methylbenzethonium Chloride Monohydrate,14842,Bitter,5.31,0,0,0,5.07,11.8,0,0,8,-10.59,6,2,0.04,1.64,1.2,3.32,1.7,3518,48
1652,5@5' Methylenedisalicylic Acid,67145,Bitter,-0.37,21.89,-2.49,36.74,0.28,0,0,2,0,-3.06,8,6,0.43,1.33,1.49,3.06,2.28,976,38
1653,Methylthiouracil,667493,Bitter,0.4,10.57,1,0,0,0,0,3,1,-1.73,3,2,0.54,0.44,1.97,2.73,2.64,84,12
1654,Methyprylon,4162,Bitter,1.47,23.46,0.03,0,1.72,0,-0.03,2,3,-1.82,2,2,0.23,0.46,1.42,3.24,2.91,216,27
1655,Anethole Trithione,2194,Bitter,3.64,0,2.17,0,0,5.1,0,2,1,-4.65,5,4,0.43,0.71,1.64,3.09,2.16,318,25
1656,Metralindole Hydrochloride,171296,Bitter,0.9,0,0.63,0,2.75,5.32,0,1,2,-3.08,5,1,0.13,0.42,1.46,3.83,2.01,611,50
1657,Lupulone@Lupulon,68051,Bitter,5.57,26.69,1.82,22.22,0.97,0,0.05,9,8,-6.34,7,4,0.16,1.58,1.25,3.32,3.75,2241,53
1658,Mibefradil,60662,Bitter,3.81,12.67,-0.34,0,5.84,11.33,0.24,1,4,-9.02,8,4,0.14,0.79,1.48,4.38,1.4,4374,72
1659,Morphine,5464110,Bitter,-0.15,0,0,20.66,3.13,6.1,0.11,0,1,-3.36,4,3,0.21,0.38,1.44,4.01,1.8,712,66
1660,Naphazoline Hydrochloride,11079,Bitter,1.82,0,0.62,0,1.88,0,0,1,0,-3.02,6,0,0.13,0.59,1.28,3.41,2,431,32
1661,338,25075,Bitter,-0.42,12.86,-0.4,81.65,-0.78,28.56,-15.96,1,1,-2.3,7,14,0.43,1.3,1.51,4.06,1.34,5754,92
1662,Neoquassin,72964,Bitter,1.6,27.28,1.26,10.41,1.02,16.94,-1.88,5,6,-3.6,4,6,0.21,0.63,1.36,4.18,1.91,1575,80
1663,Neostigmine Bromide,8246,Bitter,0.51,11.37,-0.36,0,0,5.19,0,1,5,-3.25,4,2,0.11,0.55,1.48,3.45,2.73,457,24
1664,Nialamide,4472,Bitter,1.29,22.73,-0.09,0,1.34,0,0,2,0,-3.84,8,4,0.29,1.61,1.61,2.85,1.54,1383,32
1665,Nikethamide,5497,Bitter,0.79,11.69,0.05,0,1.48,0,0,1,2,-1.74,4,2,0.17,0.83,1.48,2.87,2.68,252,20
1666,Nitrofurazone,5447130,Bitter,0.22,30.51,-0.83,0,0,0,0,1,0,-2.53,5,4,0.65,0.43,1.97,3.38,2.44,356,19
1667,Nomilin,72320,Bitter,2.15,52.71,-1.46,0,1.22,23.99,-2.99,4,6,-5.37,6,8,0.25,1.27,1.42,3.94,1.48,3428,110
1668,<i>o</i>-(<i>p</i>-Anisoyl)benzoic Acid Sodium salt,231963,Bitter,1.37,23.35,-1.43,9.07,0,5.01,0,2,1,-3.74,8,4,0.26,1.13,1.42,3.12,2.35,716,35
1669,Norleucine D(-)-Form,9475,Bitter,-1.73,10.14,-0.79,8.35,2.7,0,-0.41,1,1,-0.93,1,2,0.43,0,1.48,3.17,3.14,102,8
1670,Oleuropein,5281544,Bitter,0.17,25.1,-1.12,58.76,-0.75,26.7,-9.85,4,2,-2.94,7,13,0.39,0.83,1.5,4.42,1.62,5056,74
1671,Antazoline Hydrochloride,17275,Bitter,2.71,0,1.09,0,3.58,0,0,1,0,-3.95,7,3,0.11,1.28,1.31,3.05,1.75,829,35
1672,Oxeladin,4619,Bitter,2.66,12.68,-0.14,0,6.18,11.14,0,1,4,-6.11,4,3,0.11,1.11,1.3,3.47,2.36,1599,39
1673,Oxyacanthine,73415,Bitter,3.65,0,0,22.24,5.52,24.36,0.27,0,4,-10,12,6,0.15,1.51,1.42,3.99,1.35,6375,106
1674,4@4'-Oxydi-2-butanol,92141,Bitter,-0.15,0,0,17.66,2.48,5.14,-0.58,0,2,-1.04,0,3,0.26,1.52,1.28,1.94,2.76,204,8
1675,Pancuronium Bromide,27350,Bitter,2.79,24.83,-0.19,0,21.23,12.56,3.66,2,6,-11.49,2,4,0.09,1.8,1.27,3.56,1.27,5163,104
1676,Antipyrine,2206,Bitter,1.61,11.6,0.97,0,0,0,0,2,2,-1.08,5,2,0.13,0.48,1.51,3.32,2.26,284,28
1677,1@5-Pentanediol,8105,Bitter,0.2,0,0,16.42,3.08,0,0,0,0,-0.32,0,2,0.32,1.25,1.27,1.56,2.37,56,4
1678,Humulon@Humulone,72625,Bitter,3.05,25.42,-1.19,32.06,0.02,0,-0.01,8,6,-4.43,6,5,0.24,1.32,1.33,3.38,3.48,1566,47
1679,Pentobarbital Sodium salt,23676152,Bitter,1.89,23.79,-1.56,9.09,2.08,0,-0.08,3,3,-2.7,3,4,0.34,0.25,1.58,3.75,2.99,398,32
1680,Pentoxifylline,4740,Bitter,1.03,35.27,-0.75,0,1.99,0,0,3,3,-1.86,5,4,0.26,0.54,1.67,3.78,2,834,40
1681,Pentylenetetrazole,5917,Bitter,0.92,0,0,0,5.21,0,0,0,0,-1.3,2,3,0.32,1.08,1.49,2.25,2.15,107,18
1682,Periplocymarin,,Bitter,2.49,11.81,0.79,34.9,8.01,23.04,-1.4,2,4,-4.89,2,8,0.22,1.24,1.33,4.01,1.14,4656,104
1683,Phenacetin,4754,Bitter,1.28,10.68,-0.07,0,0.65,5.25,0,1,2,-2.28,4,2,0.2,0.77,1.5,2.93,2.54,280,17
1684,Benzoin,8400,Bitter,2.62,11.9,-0.27,9.89,0,0,-1.08,1,0,-3.55,7,2,0.18,1.47,1.3,2.53,2.2,448,28
1685,Phenazopyridine Hydrochloride,8691,Bitter,2.63,0,0,0,0,0,0,0,0,-3.19,7,5,0.41,1.05,1.51,2.95,2.17,485,26
1686,<i>p</i>-Acetanisidine,5827,Bitter,0.93,10.63,-0.07,0,0,4.96,0,1,2,-1.92,4,2,0.22,0.83,1.54,2.75,2.61,217,16
1687,ANTU,736366,Bitter,1.51,0,0.42,0,0,0,0,1,0,-4.87,6,1,0.38,0.68,1.52,3.13,2.54,292,25
1688,Phenobarbital,23674889,Bitter,1.3,23.96,-1.81,9.12,0.29,0,0,3,1,-2.91,6,4,0.36,0.51,1.67,3.57,2.5,458,37
1689,Phenprobamate,4770,Bitter,2.17,10.21,-0.7,0,2.12,4.6,0,1,0,-2.67,4,2,0.28,0.83,1.5,2.87,2.11,304,15
1690,Phentolamine,66147,Bitter,2.97,0,1,9.48,2.45,0,0,1,1,-3.65,7,4,0.17,1.43,1.45,2.96,1.88,925,39
1691,Quinine,8549,Bitter,1.17,0,0,11.17,4.58,5.35,1.07,0,1,-5.47,6,3,0.15,0.5,1.4,4.08,1.65,1286,56
1692,Phenyl Biguanide,4780,Bitter,0.39,0,-0.68,0,0,0,0,2,0,-1.14,5,3,0.53,1.04,1.5,2.66,2.73,276,16
1693,Phenylephrine,5284443,Bitter,-0.62,0,0,18.61,0.61,0,-0.5,0,1,-1.48,3,2,0.31,0.17,1.48,3.42,2.66,206,17
1694,Phenytoin,657302,Bitter,2.3,23.89,-0.83,0,0,0,0,2,0,-3.73,8,2,0.25,1.55,1.55,2.69,2.18,617,43
1695,Phloridzin,6072,Bitter,0.12,12.79,-0.54,68.61,-0.43,10.73,-7.86,1,0,-2.13,7,10,0.44,0.98,1.5,3.98,1.74,2786,61
1696,Pholcodine,5359422,Bitter,-1.66,0,0,10.82,8.74,18.26,0.27,0,1,-5.43,4,4,0.16,0.97,1.44,3.89,1.28,2134,80
1697,Quinine,91429,Bitter,1.17,0,0,11.17,4.58,5.35,1.07,0,1,-5.47,6,3,0.15,0.5,1.4,4.08,1.65,1286,56
1698,Phthalic Acid Ethyl ester@Diethyl phthalate,6781,Bitter,2.24,23.09,-1.02,0,0.55,9.7,0,2,2,-2.62,5,4,0.23,1,1.43,3,2.87,446,25
1699,Phthalylsulfathiazole,4806,Bitter,1.06,46.99,-1.8,9.13,0,0,0,2,0,-4.98,12,6,0.47,1.48,1.93,3.27,1.67,2075,51
1700,Picoperine Hydrochloride,168198,Bitter,2.14,0,0,0,10.08,0,0,0,0,-5.64,6,2,0.07,1.65,1.26,2.81,1.62,1123,37
1701,Picrocrocin,130796,Bitter,-0.18,11.24,1.68,38.82,0.59,11.16,-6.69,2,3,-1.73,2,7,0.35,0.88,1.41,3.64,2.01,1174,47
1702,Picromycin@ pikromycin@ albomycetin@ amaromycin,6436532,Bitter,1.79,38.04,-1.46,21.73,1.36,17.53,-5.16,3,9,-5.88,4,8,0.24,1.21,1.4,4,2.34,4014,70
1703,Pifarnine,6436032,Bitter,6.75,0,4.45,0,11.6,10.91,0,3,4,-6.28,6,4,0.06,1.43,1.29,3.53,1.29,3745,50
1704,Pipemidic Acid,4831,Bitter,-2.34,23.41,-2.02,9.14,4.21,0,0,3,1,-1.41,6,7,0.35,0.49,1.72,3.97,1.9,1016,47
1705,Piperidione,6465,Bitter,1.01,22.98,0.03,0,2.25,0,0,2,2,-1.47,2,2,0.25,0.83,1.45,2.75,2.84,175,24
1706,Pipradrol Hydrochloride,66008,Bitter,2.01,0,0,11.55,4.6,0,0.2,0,0,-5.06,6,1,0.14,1.61,1.27,2.71,2.04,730,42
1707,Plaunotol,5282197,Bitter,5.5,0,5.12,18.22,6.3,0,0,4,4,-5.72,4,2,0.11,1.34,1.14,3.12,4.08,1441,23
1708,Potassium Guaiacolsulfonate,23674755,Bitter,-0.11,21.44,0,17.12,-0.65,4.58,0,0,0,-0.93,5,5,0.51,0.46,1.78,3.24,2.95,238,20
1709,Absinthin,442138,Bitter,3.11,25.68,3.3,24.08,2.81,12.38,-0.78,5,6,-4.62,4,6,0.2,1.17,1.31,4,1.44,3069,116
1710,Procaine Dihydrate,154387,Bitter,0.21,11.64,-0.28,0,3.42,5.2,0,1,2,-3.59,4,3,0.22,0.71,1.45,3.38,2.28,618,24
1711,Propafenone Hydrochloride,36708,Bitter,2.44,12.55,0.06,9.98,4.03,5.71,-0.54,1,1,-5.61,7,3,0.18,1.13,1.36,3.51,1.84,1786,38
1712,Propallylonal,11020,Bitter,1.77,34.7,-1.37,0,0.16,0,-0.24,4,2,-3.05,4,3,0.3,1.05,1.82,2.95,3.03,389,31
1713,Aprobarbital Sodium salt,24191231,Bitter,1.45,34.36,-1.86,0,0.22,0,-0.21,3,2,-2.22,4,3,0.35,0.72,1.64,3.19,3.01,326,30
1714,Arborescin,566062,Bitter,1.95,11.86,1.35,0,3.11,11.88,0.79,2,3,-2.63,2,3,0.17,0.33,1.31,3.84,1.73,493,54
1715,Propoxyphene,15424,Bitter,4.71,12.35,-0.16,0,1.87,6.17,0.14,1,4,-5.85,7,3,0.08,1.21,1.29,3.43,2.47,1364,44
1716,Propyphenazone,3778,Bitter,2.76,12.39,2.02,0,0,0,0.25,3,4,-1.81,5,2,0.1,0.68,1.4,3.41,2.32,478,36
1717,Psychotrine,5462438,Bitter,2.08,12.31,4.01,0,8.62,16.6,1.76,5,4,-6.92,7,5,0.13,1.03,1.4,4.06,1.42,3390,79
1718,Arglabin,636760,Bitter,1.97,11.76,1.78,0,2.92,11.75,0.38,3,2,-2.63,3,3,0.17,0.33,1.33,3.84,1.76,493,54
1719,Pyrazole,1048,Bitter,0.27,0,0,0,0,0,0,0,0,0.21,2,1,0.39,2.32,1.53,0,2.96,15,5
1720,Quebrachamine,92990,Bitter,4.47,0,0,0,11.8,0,0,0,1,-5.74,4,1,0.07,0.67,1.19,3.73,1.72,830,49
1721,Quercetin,5280343,Bitter,-0.48,12.14,-1.92,47.91,0,5.35,0,3,0,-1.65,8,7,0.48,1.05,1.48,3.41,2.08,986,49
1722,Quinacrine Dihydrochloride dihydrate,22527,Bitter,2.49,0,0,0,6.11,5.48,0.51,0,4,-9.15,7,1,0.11,0.67,1.42,4.14,1.87,2125,54
1723,Quinazoline,9210,Bitter,1.39,0,0,0,0,0,0,0,0,-2.08,5,2,0.2,1.8,1.41,1.52,2.82,109,18
1724,Aristolochic acid,2236,Bitter,1.45,34.97,-1.28,9.55,-0.08,16.1,0,1,1,-3.91,9,7,0.37,0.4,1.63,4.24,2.24,1236,62
1725,Quinovic Acid,120678,Bitter,4.16,26.34,-0.52,32.49,6.71,0,0.59,3,6,-7.04,3,5,0.2,1.22,1.25,3.91,1.66,2994,105
1726,Arecoline Hydrobromide,9301,Bitter,-0.82,11.01,0.64,0,2.89,4.62,0,2,2,-1.69,2,2,0.18,0.18,1.47,3.28,2.45,156,16
1727,Retamine,197754,Bitter,-0.16,0,0,10.36,13.3,0,3.13,0,0,-2.37,0,2,0.12,1.42,1.29,2.75,1.54,532,45
1728,Rhododendrin,442538,Bitter,0.39,0,0,47.73,0.87,10.9,-6.56,0,1,-2.11,3,7,0.37,1.08,1.43,3.45,1.77,1340,41
1729,Artemorin,5281428,Bitter,2.97,11.57,2.24,9.93,2.96,5.33,-0.61,4,1,-2.85,4,3,0.19,0.49,1.31,3.68,2.18,558,34
1730,Salicin,439503,Bitter,-0.95,0,0,47.42,-0.78,10.65,-6.67,0,0,-0.83,3,7,0.44,0.98,1.49,3.35,2.04,798,39
1731,Artemisin,65030,Bitter,1.37,23.67,1.24,10.35,0.53,5.46,-1.58,4,3,-2.45,4,4,0.25,0.53,1.38,3.72,2.08,584,49
1732,Salicylamide,5147,Bitter,0.59,10.48,-0.61,8.98,0,0,0,1,0,-1.11,4,2,0.45,0.6,1.66,2.72,3.07,114,15
1733,Santonin,65030,Bitter,2.6,23.62,1.76,0,1.98,5.55,0.02,4,3,-3,4,3,0.18,0.33,1.33,3.84,2.05,512,46
1734,Scillaren,222156,Bitter,0.59,11.63,1.89,75.06,5.91,28.7,-13.66,3,3,-5.29,4,13,0.32,1.48,1.4,4.13,1,9914,128
1735,Secobarbital Sodium,14148199,Bitter,2.78,33.89,-1.32,0,1.97,0,-0.07,3,2,-2.94,4,3,0.31,0.51,1.58,3.57,3,472,33
1736,Senecionine,5280906,Bitter,1.8,24.91,0.43,10.57,2.81,11.15,-0.7,4,3,-1.87,4,6,0.23,0.67,1.48,3.92,1.83,1164,53
1737,Caffeine,2519,Bitter,0.42,23.07,-0.83,0,0,0,0,2,3,-0.64,4,3,0.29,0.57,1.78,3.24,2.48,258,33
1738,Sodium Phenolsulfonate Dihydrate,23674503,Bitter,0.22,20.9,0,17.39,0,0,0,0,0,-1.01,5,4,0.56,0.55,1.81,2.91,3.12,144,17
1739,Streptomycin,19649,Bitter,-6.77,12.03,-2.15,73.22,-0.73,22.57,-24.55,2,2,0.43,3,13,0.59,1.59,1.72,3.73,1.84,4989,87
1740,Campher,94834,Bitter,1.74,22.93,-0.67,0,1.56,4.73,-0.09,2,3,-2.02,2,3,0.23,0.52,1.37,3.18,2.43,196,35
1741,Succinylcholine Chloride,22475,Bitter,-2.34,22.85,-0.69,0,2.41,10.12,0,2,6,-4.13,2,4,0.15,1.95,1.43,2.37,3.42,1078,19
1742,Sucrose Octaacetate,31340,Bitter,-1.28,96.41,-7.06,0,-2.11,60.45,-13.19,8,8,-4.12,8,19,0.36,2.43,1.53,3.12,2.57,7279,80
1743,Sulfamerazine Monosodium salt,24196530,Bitter,0.6,23.98,0,0,0,0,0,0,1,-2.72,8,5,0.43,1.19,1.87,2.97,2.15,627,31
1744,Sulfameter,5326,Bitter,0.3,24.01,0,0,0,4.88,0,0,1,-2.46,8,6,0.44,1.47,1.93,2.77,2.07,758,33
1745,Sulfamethoxazole,5329,Bitter,1.32,22.78,0,0,0,0,0,0,1,-2.73,7,4,0.47,1.27,1.94,2.82,2.12,535,30
1746,Cascarillin,442011,Bitter,1.16,24.47,-0.46,32.7,1.33,5.58,-3.17,1,4,-3.99,4,6,0.28,0.88,1.38,3.98,2.03,1897,70
1747,Sulfamethoxypyridazine,5330,Bitter,1.63,23.03,0,0,0,4.8,0,0,1,-2.6,8,6,0.45,1.47,1.94,2.77,2.07,758,33
1748,Sulfisoxazole,5344,Bitter,1.53,23.07,0,0,0,0,0,0,2,-3.15,7,4,0.43,1.24,1.89,2.93,2.17,614,34
1749,Sulfobromophthalein Sodium,6282,Bitter,4.26,60.95,-0.91,39.39,0,5.82,0,1,0,-8.18,14,10,0.37,1.49,1.97,3.68,2.12,3310,89
1750,Sulfonethylmethane,6433,Bitter,0.83,46.71,0,0,-0.19,0,0,0,4,-1.78,4,4,0.35,1.2,1.59,2.61,5.1,266,27
1751,Suxibuzone,5362,Bitter,2.03,50.41,-2.83,8.79,0.39,5.29,0,4,1,-4.48,10,6,0.25,1.53,1.56,3.47,1.92,2776,64
1752,499,114700,Bitter,-2.38,11.85,-0.78,49.9,-0.51,21.06,-9.47,2,0,-0.73,3,10,0.45,0.81,1.52,3.89,1.7,1572,60
1753,Coumarin,323,Bitter,1.9,10.72,-0.3,0,0,4.91,0,1,0,-2.02,5,2,0.2,0.55,1.38,2.91,2.46,144,20
1754,Tacrine Hydrochloride,2723754,Bitter,2.69,0,0,0,4.82,0,0,0,0,-3.93,5,1,0.21,0.53,1.28,3.37,2.33,326,34
1755,Talbutal,8275,Bitter,1.91,34.77,-1.82,0,0.9,0,-0.16,3,2,-2.53,4,3,0.33,0.55,1.6,3.45,3.04,391,32
1756,Terpin cis-Form hydrate@ Terpin hydrate@ terpinol,17141,Bitter,1.38,0,0,19.41,3.52,0,0.36,0,3,-1.94,0,2,0.2,1.3,1.2,2.28,2.43,192,18
1757,Tetracaine Hydrochloride,8695,Bitter,1.4,11.75,-0.25,0,4.56,5.2,0,1,3,-4.47,4,3,0.15,0.88,1.4,3.37,2.31,892,25
1758,Aconine,10511,Bitter,-4.96,0,0,59.35,2.28,23.79,-7.51,0,5,-1.63,0,9,0.3,1.06,1.45,4.07,1.62,2634,120
1759,Cucurbitacin B,6433476,Bitter,2.31,52.06,-0.49,33.99,1.07,5.23,-3.65,5,9,-6.55,6,8,0.24,1.38,1.33,3.94,1.71,4922,105
1760,Atranorin,68066,Bitter,3.61,35.32,-1.74,30.05,0,9.87,0,2,4,-3.31,9,8,0.35,1.22,1.5,3.53,2.41,1844,56
1761,Theophylline,2153,Bitter,0.12,22.85,-0.66,0,0,0,0,2,2,0.27,4,2,0.39,0.62,1.81,3.09,2.42,211,30
1762,Thiacetazone,9568512,Bitter,0.83,10.77,0.02,0,0,0,0,2,1,-4.19,6,3,0.47,0.88,1.8,3.13,2.51,538,20
1763,Falcarindiol,6436239,Bitter,4.71,0,0,18.55,7.21,0,-1.64,0,1,-6.63,2,2,0.14,0.84,1.2,3.41,3.73,1038,18
1764,Thiamine Hydrochloride@Vitamin b1,6202,Bitter,0.3,0,0,8.95,1.19,0,0,0,2,-3.48,5,4,0.38,0.97,1.69,3.2,2.13,642,33
1765,Thiosinamine,1549517,Bitter,0.68,0,0.32,0,0.65,0,0,1,0,-1.85,2,1,0.53,0,1.64,2.81,2.81,52,4
1766,2-Thiouracil,1269845,Bitter,0.5,9.85,0.6,0,0,0,0,2,0,-1.51,3,2,0.62,0.25,2.12,2.75,2.52,61,10
1767,Tiaramide Hydrochloride,443949,Bitter,1.45,24.62,-0.2,8.95,3.54,0,0,2,0,-1.57,5,5,0.27,0.77,1.87,3.76,1.54,1273,46
1768,Tiliacorine,442369,Bitter,6.7,0,0,11.12,5.25,25.26,0.2,0,4,-7.58,12,7,0.12,1.37,1.42,4.05,1.36,5298,112
1769,Noscapine,275196,Bitter,3.01,12.87,-0.43,0,1.79,33.81,-0.77,1,4,-3.25,7,8,0.2,0.86,1.54,4.05,1.61,2155,78
1770,Tinoridine Hydrochloride,134896,Bitter,3.07,12.06,-0.28,0,3.93,5.13,0,1,1,-4.25,6,4,0.27,0.49,1.58,3.97,1.71,1119,44
1771,Tolazoline Hydrochloride,6048,Bitter,0.91,0,0.63,0,1.94,0,0,1,0,-1.22,4,0,0.16,0.56,1.31,3.02,2,209,19
1772,Topiramate,5284627,Bitter,-1.93,22.2,0,0,-0.26,33.7,-1.5,0,4,-0.86,2,8,0.41,0.85,1.72,3.61,1.71,948,48
1773,Tramadol,63013,Bitter,1.14,0,0,11.2,5.31,5.29,0.33,0,3,-4.53,3,2,0.12,0.32,1.31,3.93,2.24,670,36
1774,Trapidil,5531,Bitter,1.92,0,0,0,1.91,0,0,0,3,-1,4,4,0.21,0.4,1.46,3.51,2.48,338,30
1775,Triacetin,5541,Bitter,-0.27,31.64,-1.51,0,-0.25,14.02,-0.76,3,3,-1.4,3,6,0.34,1.22,1.5,2.69,3.68,424,14
1776,Glycerol tributyrate@Tributyrin,6050,Bitter,3.1,34.15,-1.09,0,2.76,15.17,-0.75,3,3,-2.99,3,6,0.24,1.55,1.38,2.84,4.03,1102,23
1777,Papaverine,4680,Bitter,3.5,0,0,0,0.67,21.49,0,0,4,-5.75,8,5,0.15,1.23,1.47,3.41,1.97,1534,51
1778,Tridihexethyl Iodide,31334,Bitter,3.19,0,0,11.75,11.66,0,0.42,0,3,-7.55,3,1,0.06,1.09,1.16,3.44,2.19,1136,44
1779,Trimethadione,5576,Bitter,1.01,21.7,-0.87,0,0,4.71,0,2,3,-0.53,2,3,0.31,0.4,1.68,2.92,2.72,104,19
1780,Azintamide,71105,Bitter,2.13,11.68,0.12,0,1.86,0,0,1,2,-2.81,4,4,0.28,0.88,1.86,3.13,2.3,505,23
1781,Trimethoprim,5578,Bitter,1.54,0,0,0,0.53,15.92,0,0,3,-2.97,6,7,0.34,1.1,1.67,3.3,2.29,946,39
1782,Ursodiol,31401,Bitter,2.54,11.05,-0.68,30.54,9.6,0,2.63,1,3,-5.73,1,4,0.2,1.31,1.23,3.5,1.54,1910,70
1783,Valpromide,71113,Bitter,2.12,10.7,-0.14,0,3.99,0,0.12,1,2,-2.12,1,1,0.25,0.6,1.29,2.72,3.54,131,10
1784,Veatchine,494227,Bitter,3.41,0,1.16,11.29,13.61,6.48,2.07,1,1,-4.05,1,3,0.1,0.89,1.26,3.75,1.5,1133,83
1785,Verbenalin,73467,Bitter,-1.94,24.35,-0.71,39.13,-0.37,21.19,-9.73,3,2,-1.27,3,10,0.42,0.97,1.5,3.78,1.71,1761,61
1786,Viquidil,198279,Bitter,1.69,12.79,0.19,0,4.91,5.29,1.08,1,1,-5.68,7,3,0.17,0.45,1.4,4.14,1.73,1408,47
1787,Parthenolide,6473881,Bitter,2.92,11.69,1.79,0,4,11.32,0.09,3,2,-3.03,3,3,0.16,0.67,1.31,3.5,1.82,539,40
1788,Warfarin Sodium salt,16204922,Bitter,2.12,24.08,-0.67,10.6,0.13,5.33,-0.53,4,1,-4.42,9,4,0.23,1.03,1.37,3.5,2.1,1092,47
1789,Carnosol,,Bitter,4.39,12.93,-0.21,21.41,3.5,5.76,-0.07,1,4,-4.27,4,4,0.21,0.67,1.31,3.92,1.98,1084,68
1790,Ganoderic Acids,471002,Bitter,1.3,50.83,0.32,32.42,2.13,0,-2.92,6,7,-5.73,5,7,0.25,1.25,1.32,3.96,1.71,3953,98
1791,Cetraric Acid,5464155,Bitter,0.85,36.04,-2.32,30.14,0,16.51,0,2,3,-2.65,9,9,0.37,1.02,1.51,3.84,2.28,1930,66
1792,Chonemorphine,165208,Bitter,1.88,0,0,0,13.39,0,6.57,0,5,-7.35,0,0,0.09,1.37,1.09,3.27,1.57,1352,66
1793,Quassin,65571,Bitter,1.96,39.64,0.84,0,0.77,16.7,-1.31,6,6,-3.86,5,6,0.21,0.55,1.37,4.25,1.92,1575,80
1794,Cycrimine Hydrochloride,101597,Bitter,2.4,0,0,11.5,13.75,0,0.46,0,0,-6.31,3,1,0.08,1.43,1.2,2.96,1.69,917,41
1795,Diperodon Hydrochloride,10830,Bitter,2.53,24.39,-1.12,0,6.25,10.91,-0.52,2,0,-5.96,8,4,0.21,1.48,1.53,3.37,1.46,2572,45
1796,Dodecarbonium Chloride,7535,Bitter,4.59,12.18,0.17,0,15.52,0,0,1,3,-9.2,4,1,0.07,1.69,1.2,3.01,1.96,2407,31
1797,Ethylbenzhydramine Hydrochloride,24182172,Bitter,2.52,0,0,0,4.15,6.23,0.03,0,2,-6.35,6,1,0.05,1.5,1.24,2.89,2.02,992,34
1798,Ethylhydrocupreine,71542,Bitter,1.91,0,0,11.26,6.8,5.66,1.5,0,2,-5.92,5,3,0.14,0.59,1.36,4.05,1.62,1462,57
1799,Glaucarubin,15063,Bitter,-0.14,26.08,-0.97,55.61,0.28,17.44,-9.02,3,5,-2.38,3,10,0.35,0.85,1.43,4.28,1.62,2959,104
1800,Azathioprine,2265,Bitter,1.13,21.8,0,0,0,0,0,0,1,-2.3,7,5,0.56,0.71,2,3.54,1.94,676,41
1801,Melilotoside,5280759,Bitter,-1.72,10.61,-1.13,47.2,-0.57,10.73,-6.97,1,0,-2.06,5,8,0.45,0.76,1.52,3.76,2.09,1220,42
1802,Azacyclonol Hydrochloride,15722,Bitter,2.85,0,0,11.55,3.96,0,0.26,0,0,-4.78,6,2,0.12,1.61,1.28,2.71,2.05,730,42
1803,Butallylonal,14362,Bitter,2.22,35.11,-1.32,0,0.82,0,-0.19,4,2,-3.36,4,3,0.28,0.87,1.77,3.22,3.07,460,33
1804,Butallylonal Sodium salt,23691023,Bitter,1.81,24.04,-1.23,9.13,0.82,0,-0.19,4,2,-3.53,4,4,0.3,0.51,1.79,3.57,3.13,460,33
1805,Chlorbetamide,7330,Bitter,3.15,11.7,-0.47,8.92,0.16,0,-1.17,1,0,-4.92,4,2,0.14,0.33,1.89,3.84,2.71,627,28
1806,Benzamide,2331,Bitter,0.83,10.42,-0.38,0,0,0,0,1,0,-1.47,4,1,0.34,0.75,1.54,2.42,2.93,88,12
1807,Chlorhexadol,19094,Bitter,1.79,0,0,18.7,0.34,4.99,-1.9,0,3,-3.46,0,3,0.19,1.25,1.68,2.56,3.73,326,15
1808,Chrysamminic Acid,3938245,Bitter,0.5,115.22,-3.3,20.17,0,0,0,2,0,-5.99,12,12,0.69,2.03,1.68,2.87,2.42,2046,72
1809,Bakankosin,442506,Bitter,-2.06,11.91,0.3,38.98,0.66,16.49,-8.29,2,0,-1.16,3,8,0.42,0.76,1.58,3.88,1.66,1450,55
1810,Cyclopentobarbital,6454,Bitter,1.55,35.16,-1.8,0,1.81,0,-0.17,3,0,-2.72,5,3,0.34,0.63,1.63,3.45,2.32,455,37
1811,Diethylbromoacetamide,10535,Bitter,1.69,10.66,-0.27,0,1.5,0,0,1,2,-2.35,1,1,0.24,0.67,1.61,2.5,3.94,86,12
1812,Dioxypyramidon,68214,Bitter,0.09,35.42,-1.83,0,0,0,0,3,4,-2.41,6,3,0.22,0.96,1.64,3.29,3.01,668,32
1813,Garryine,441734,Bitter,3.41,0,1.18,11.25,13.68,6.29,2.22,1,1,-4.09,1,3,0.1,0.97,1.26,3.67,1.46,1160,83
1814,Hexethal Sodium,23690440,Bitter,2.55,23.68,-1.52,9.08,4.97,0,0,3,2,-3.27,3,4,0.32,0.51,1.55,3.57,2.63,532,30
1815,Homocamfin,222994,Bitter,2.7,11.11,1.56,0,1.87,0,1.23,2,3,-2.18,2,1,0.1,0.36,1.15,3.1,2.61,150,16
1816,<i>p-</i>Lactophenetide,98046,Bitter,1.1,11.13,-0.42,8.98,0.61,5.25,-1,1,2,-2.36,4,3,0.27,0.8,1.53,3.11,2.5,420,21
1817,Carisoprodol,2576,Bitter,2.2,21.99,-1.28,0,2,9.92,0.02,2,4,-2.78,2,4,0.3,0.98,1.51,3.19,4.01,692,20
1818,Narcobarbital,18735,Bitter,2.3,35.6,-1.17,0,0.17,0,-0.24,4,3,-3.09,4,3,0.25,0.87,1.77,3.22,3.12,450,35
1819,Nealbarbital,68415,Bitter,2.11,35.29,-1.85,0,0.84,0,0,3,3,-2.99,4,3,0.3,0.63,1.56,3.45,3.2,446,36
1820,Pentamethonium Bromide,10919,Bitter,-1.15,0,0,0,6.71,0,0,0,6,-4.97,0,0,0,1.87,1.1,1.83,3.15,308,10
1821,Phenallymal,8274,Bitter,1.78,35.29,-2.04,0,0.13,0,0,3,0,-3.15,7,3,0.33,0.86,1.64,3.31,2.48,538,38
1822,Phenylmethylbarbituric Acid,66160,Bitter,1.25,34.43,-1.98,0,0,0,0,3,1,-2.54,6,3,0.37,0.97,1.7,3.03,2.39,395,34
1823,Vinbarbital Sodium,24191666,Bitter,2.05,34.69,-1.14,0,1.07,0,0,4,3,-2.5,4,3,0.32,0.67,1.6,3.33,3.08,398,32
1824,Chlorhexidine,9552079,Bitter,1.82,0,-0.45,0,2.85,0,0,4,0,-6.34,10,4,0.37,1.87,1.58,3.22,1.54,5239,47
1825,Chlormetacrine Dihydrochloride,159626,Bitter,2.47,0,0,10.5,3.23,5.4,-0.43,0,3,-7.07,7,3,0.16,0.62,1.53,4.13,1.93,1870,53
1826,Barbital,2294,Bitter,1.13,33.55,-1.72,0,0.79,0,0,3,2,-1.43,3,3,0.4,0.98,1.69,2.72,2.87,220,26
1827,Barbital Sodium salt,23681217,Bitter,0.72,22.82,-1.62,8.87,0.79,0,0,3,2,-1.59,3,4,0.42,0.46,1.72,3.24,2.96,220,26
1828,Benzethonium Chloride,8478,Bitter,4.82,0,0,0,5.07,11.69,0,0,7,-10.04,6,2,0.04,1.8,1.21,3.11,1.63,3302,45
1829,Benzilic Acid,6463,Bitter,0.91,11.37,-1.28,19.72,0,0,0,1,0,-3.32,7,3,0.27,1.62,1.37,2.47,2.54,474,34
1830,Bretylium Tosylate,6100,Bitter,1.65,0,0,0,2.24,0,0,0,3,-5.25,3,0,0,0.67,1.32,3.03,2.72,248,19
1831,Chlorpheniramine,2725,Bitter,2.14,0,0,0,2.2,0,0.34,0,2,-6.16,6,1,0.06,1.38,1.38,2.87,2.21,718,31
1832,Bufotoxin,10052,Bitter,1.61,61.08,-2.43,22.14,9.44,16.87,-1.46,7,3,-7.83,8,10,0.31,1.59,1.5,4.16,1.04,15520,113
1833,Bupropion Hydrochloride,62884,Bitter,1.89,12.08,0.12,0,0,0,-0.09,1,4,-4.51,4,1,0.13,0.63,1.45,3.38,2.71,454,23
1834,Butabarbital Sodium salt,23690439,Bitter,1.43,23.56,-1.59,9.03,1.1,0,-0.09,3,3,-2.29,3,4,0.36,0.27,1.62,3.64,3.05,324,31
1835,Butalbital,2481,Bitter,1.91,34.62,-1.82,0,0.63,0,0.17,3,2,-2.48,4,3,0.33,0.8,1.6,3.2,2.94,402,29
1836,Butethal,6473,Bitter,2.05,34.26,-1.65,0,2.61,0,0,3,2,-2.18,3,3,0.34,0.72,1.6,3.19,2.77,346,28
1837,Butethamine meta-Isomer hydrochloride,11114,Bitter,0.5,11.6,-0.31,0,2.28,5.14,0.65,1,2,-3.15,4,3,0.27,0.51,1.45,3.57,2.17,642,22
1838,Diphenhydramine,3100,Bitter,1.82,0,0,0,1.77,6.1,0.03,0,2,-5.4,6,1,0.05,1.55,1.27,2.69,2.1,736,30
1839,Allobarbital,5842,Bitter,1.26,34.12,-1.99,0,0.34,0,0,3,0,-2.24,5,3,0.36,0.98,1.68,2.92,2.95,338,28
1840,Carbimazole,31072,Bitter,0.68,11.14,0.01,0,0.36,4.77,0,2,2,-1.68,3,3,0.34,0.33,1.87,3.25,2.41,199,20
1841,Cefazolin Sodium salt,4214199,Bitter,-1.99,36.48,-1.59,9.67,0.44,0,-1.3,5,1,-3.27,8,11,0.59,0.81,2.1,4.05,1.34,2468,62
1842,diphenidol,3055,Bitter,2.83,0,0,11.47,9.71,0,0,0,0,-7.03,6,1,0.08,1.66,1.22,2.86,1.71,1226,43
1843,Cefpodoxime Proxetil,6526396,Bitter,1.1,50.76,-2.83,0,0.39,24.98,-3.27,7,5,-4.49,8,13,0.44,0.78,1.89,4.43,1.62,4697,72
1844,Cephaeline,442195,Bitter,1.93,0,0,10.3,9.25,16.72,2.36,0,4,-7.95,6,4,0.15,1.41,1.38,3.68,1.39,3390,79
1845,Chenodiol,10133,Bitter,2.54,11.05,-0.68,30.54,9.6,0,2.63,1,3,-5.73,1,4,0.2,1.31,1.23,3.5,1.54,1910,70
1846,Chloral Hydrate,2707,Bitter,0.9,0,0,16.1,0,0,-1.91,0,0,-1.76,0,2,0.28,0.96,1.97,1.84,3.15,42,6
